product_id,source_page
platini-last-call-platini-kemeja-motif-pria-lengan-pendek-katun-hijau-73425-green-4215486,https://www.zalora.co.id/catalog/?q=outfit+pria&page=17
platini-special-price-platini-baju-kemeja-motif-hawai-pria-lengan-pendek-katun-coklat-73443-brown-4282034,https://www.zalora.co.id/catalog/?q=outfit+pria&page=17
platini-special-price-platini-kemeja-motif-pendek-katun-navy-132131-navy-3624093,https://www.zalora.co.id/catalog/?q=outfit+pria&page=16
2nd-red-2nd-red-celana-jeans-pria-slim-fit-eternity-black-za133260-black-1619029,https://www.zalora.co.id/catalog/?q=outfit+pria&page=19
marks-spencer-3-pack-luxury-egyptian-cotton-socks-black-4469515,https://www.zalora.co.id/catalog/?q=outfit+pria&page=12
marks-spencer-3pk-merino-wool-socks-black-4390909,https://www.zalora.co.id/catalog/?q=outfit+pria&page=3
3second-3second-men-s-t-shirt-short-sleeve-regular-fit-cotton-based-on-pleasure-ol-c310525-black-5028582,https://www.zalora.co.id/catalog/?q=outfit+pria&page=7
3second-3second-men-s-t-shirt-short-sleeve-regular-fit-cotton-beach-club-ol-c910425-black-4943102,https://www.zalora.co.id/catalog/?q=outfit+pria&page=16
3second-3second-men-s-t-shirt-short-sleeve-regular-fit-cotton-conary-ol-c371124-black-4812793,https://www.zalora.co.id/catalog/?q=outfit+pria&page=17
3second-3second-men-s-t-shirt-short-sleeve-regular-fit-cotton-dwyl-ol-c900425-white-4920095,https://www.zalora.co.id/catalog/?q=outfit+pria&page=8
3second-3second-men-s-t-shirt-short-sleeve-regular-fit-cotton-logo-script-shaula-341124-black-4952585,https://www.zalora.co.id/catalog/?q=outfit+pria&page=18
3second-3second-men-s-t-shirt-short-sleeve-regular-fit-cotton-maison-ol-c090425-black-4899055,https://www.zalora.co.id/catalog/?q=outfit+pria&page=13
3second-3second-men-s-tracksuit-jacket-regular-fit-taslan-capella-ol-c011124-black-4812803,https://www.zalora.co.id/catalog/?q=outfit+pria&page=19
edwin-jeans-801-reguler-fit-twil-jeans-coal-grey-celana-panjang-denim-pria-grey-4513218,https://www.zalora.co.id/catalog/?q=outfit+pria&page=12
edwin-jeans-802-slim-fit-twill-stretched-jeans-black-celana-denim-pria-black-4956518,https://www.zalora.co.id/catalog/?q=outfit+pria&page=14
hush-puppies-90-s-resort-shirt-brown-4784719,https://www.zalora.co.id/catalog/?q=outfit+pria&page=17
hush-puppies-90-s-resort-shirt-white-4784737,https://www.zalora.co.id/catalog/?q=outfit+pria&page=19
yongki-komaladi-original-yongki-komaladi-pantofel-pria-ol-ad11282-21-black-4397326,https://www.zalora.co.id/catalog/?q=outfit+pria&page=20
timberland-af-tree-logo-patch-tee-black-black-5099965,https://www.zalora.co.id/catalog/?q=outfit+pria&page=17
aldo-aldo-audrick-men-s-flat-sandals-other-black-black-5124826,https://www.zalora.co.id/catalog/?q=outfit+pria&page=16
aldo-aldo-jona-men-s-fashion-athletics-open-black-black-5124840,https://www.zalora.co.id/catalog/?q=outfit+pria&page=7
aldo-aldo-toddy-men-s-lace-ups-black-black-black-5124842,https://www.zalora.co.id/catalog/?q=outfit+pria&page=4
amk-amk-agra-brown-2940852,https://www.zalora.co.id/catalog/?q=outfit+pria&page=1
amk-amk-kemeja-pria-lengan-panjang-shs-andrew-l-s-grey-grey-4361576,https://www.zalora.co.id/catalog/?q=outfit+pria&page=20
amk-amk-kerala-coklat-2941130,https://www.zalora.co.id/catalog/?q=outfit+pria&page=5
amk-amk-kerala-khaki-2940850,https://www.zalora.co.id/catalog/?q=outfit+pria&page=2
x-eight-1-angkasa-t-shirts-multi-4866555,https://www.zalora.co.id/catalog/?q=outfit+pria&page=10
x-eight-1-arell-t-shirts-navy-4866576,https://www.zalora.co.id/catalog/?q=outfit+pria&page=8
hush-puppies-arion-3-black-4900921,https://www.zalora.co.id/catalog/?q=outfit+pria&page=9
birkenstock-arizona-eva-brown-4370210,https://www.zalora.co.id/catalog/?q=outfit+pria&page=5
birkenstock-arizona-eva-grey-4631180,https://www.zalora.co.id/catalog/?q=outfit+pria&page=7
birkenstock-arizona-eva-silver-1467699,https://www.zalora.co.id/catalog/?q=outfit+pria&page=10
andrew-smith-as-chinos-ankle-pants-navy-5039077,https://www.zalora.co.id/catalog/?q=outfit+pria&page=7
andrew-smith-as-formal-ankle-pants-beige-4737524,https://www.zalora.co.id/catalog/?q=outfit+pria&page=5
andrew-smith-as-kemeja-lengan-pendek-blue-5039073,https://www.zalora.co.id/catalog/?q=outfit+pria&page=16
andrew-smith-as-kemeja-lengan-pendek-brown-4198539,https://www.zalora.co.id/catalog/?q=outfit+pria&page=17
yonex-baju-yonex-rm-p064-2527-easy23-dark-shaddow-white-grey-white-4716691,https://www.zalora.co.id/catalog/?q=outfit+pria&page=18
yonex-baju-yonex-rm-p064-2527-easy23-white-jet-black-black-white-4716766,https://www.zalora.co.id/catalog/?q=outfit+pria&page=18
decarlo-ban-pinggang-decarlo-bp-dc-87csanh-hitam-black-5008121,https://www.zalora.co.id/catalog/?q=outfit+pria&page=16
edwin-jeans-barca-grey-used-celana-panjang-jeans-denim-pria-bottom-man-long-pants-grey-4956516,https://www.zalora.co.id/catalog/?q=outfit+pria&page=1
x-eight-1-baskara-shirts-multi-4876321,https://www.zalora.co.id/catalog/?q=outfit+pria&page=14
edwin-jeans-bastien-beige-white-pepper-kemeja-flannel-casual-pria-lengan-panjang-ls-top-man-shirt-beige-4122166,https://www.zalora.co.id/catalog/?q=outfit+pria&page=1
edwin-jeans-bastien-navy-white-kemeja-flanel-casual-pria-lengan-panjang-ls-top-man-shirt-navy-5019761,https://www.zalora.co.id/catalog/?q=outfit+pria&page=11
2nd-red-big-size-jeans-non-stretch-black-ns2101-black-2833722,https://www.zalora.co.id/catalog/?q=outfit+pria&page=13
x-eight-1-bio-t-shirts-navy-4841360,https://www.zalora.co.id/catalog/?q=outfit+pria&page=3
gloaming-boardshort-navy-celana-pendek-boxer-navy-3813531,https://www.zalora.co.id/catalog/?q=outfit+pria&page=5
mango-man-bob-regular-fit-jeans-blue-4855315,https://www.zalora.co.id/catalog/?q=outfit+pria&page=15
edwin-jeans-bourne-beige-kaos-pria-lengan-pendek-ss-top-man-graphic-tee-beige-3995030,https://www.zalora.co.id/catalog/?q=outfit+pria&page=6
bulfaro-bulfaro-celana-cargo-canvas-regular-fit-non-stretch-grey-grey-4560443,https://www.zalora.co.id/catalog/?q=outfit+pria&page=15
bulfaro-bulfaro-celana-cargo-ripstop-pants-non-stretch-fit-reguler-mocca-beige-4585227,https://www.zalora.co.id/catalog/?q=outfit+pria&page=19
bulfaro-bulfaro-celana-pendek-boardshort-caspian-cotton-fleece-army-green-green-4641773,https://www.zalora.co.id/catalog/?q=outfit+pria&page=9
bulfaro-bulfaro-celana-pendek-boardshort-caspian-cotton-fleece-black-black-4641774,https://www.zalora.co.id/catalog/?q=outfit+pria&page=4
bulfaro-bulfaro-celana-pendek-boardshort-caspian-cotton-fleece-brown-brown-4641776,https://www.zalora.co.id/catalog/?q=outfit+pria&page=8
bulfaro-bulfaro-celana-pendek-boardshort-caspian-cotton-fleece-camel-brown-4641950,https://www.zalora.co.id/catalog/?q=outfit+pria&page=8
bulfaro-bulfaro-celana-pendek-boardshort-caspian-cotton-fleece-navy-blue-navy-4641820,https://www.zalora.co.id/catalog/?q=outfit+pria&page=4
hush-puppies-burger-grey-4411047,https://www.zalora.co.id/catalog/?q=outfit+pria&page=9
byford-byford-r-neck-t-shirt-seamless-grey-2454372,https://www.zalora.co.id/catalog/?q=outfit+pria&page=11
hamlin-caldwell-kaos-kaki-pria-casual-formal-men-sock-breathable-5-pair-material-cotton-original-black-black-5105124,https://www.zalora.co.id/catalog/?q=outfit+pria&page=13
edwin-jeans-cali-beige-kaos-pria-lengan-pendek-ss-top-man-graphic-tee-beige-3947431,https://www.zalora.co.id/catalog/?q=outfit+pria&page=6
gloaming-cargo-boardshort-army-celana-pendek-basic-shorts-green-4155107,https://www.zalora.co.id/catalog/?q=outfit+pria&page=10
gloaming-cargo-long-pants-cotton-drill-black-black-4389808,https://www.zalora.co.id/catalog/?q=outfit+pria&page=16
cardinal-ccsl-celana-bermuda-beige-5052288,https://www.zalora.co.id/catalog/?q=outfit+pria&page=19
cardinal-ccsl-celana-officer-grey-4703647,https://www.zalora.co.id/catalog/?q=outfit+pria&page=19
cdl-cdl-celana-chinos-slim-grey-4693646,https://www.zalora.co.id/catalog/?q=outfit+pria&page=15
bombboogie-celana-cargo-pria-bose-black-5103509,https://www.zalora.co.id/catalog/?q=outfit+pria&page=16
house-of-cuff-celana-chino-panjang-pria-slim-fit-stretch-jeans-abu-gelap-grey-2781899,https://www.zalora.co.id/catalog/?q=outfit+pria&page=16
house-of-cuff-celana-chino-panjang-pria-slim-fit-stretch-jeans-hitam-black-2484148,https://www.zalora.co.id/catalog/?q=outfit+pria&page=6
oxcon-celana-chinos-cargo-pants-slimfit-stretch-black-oxcon-black-4227692,https://www.zalora.co.id/catalog/?q=outfit+pria&page=13
oxcon-celana-chinos-cotton-stretch-black-oxcon-black-3685544,https://www.zalora.co.id/catalog/?q=outfit+pria&page=6
oxcon-celana-chinos-long-pants-nylon-stretch-oxcon-black-black-4289070,https://www.zalora.co.id/catalog/?q=outfit+pria&page=1
oxcon-celana-chinos-long-pants-nylon-stretch-oxcon-stone-grey-grey-4289065,https://www.zalora.co.id/catalog/?q=outfit+pria&page=18
cardinal-celana-chinos-skinny-grey-2327406,https://www.zalora.co.id/catalog/?q=outfit+pria&page=17
cardinal-celana-formal-chinose-skinny-navy-3185065,https://www.zalora.co.id/catalog/?q=outfit+pria&page=10
bombboogie-celana-jeans-pria-skinny-d5-raw-handmade-blue-5103561,https://www.zalora.co.id/catalog/?q=outfit+pria&page=12
house-of-cuff-celana-kerja-pria-slim-fit-formal-bahan-houseofcuff-abu-tua-grey-2732733,https://www.zalora.co.id/catalog/?q=outfit+pria&page=13
house-of-cuff-celana-panjang-jeans-slim-fit-hitam-denim-pants-pria-houseofcuff-black-4294018,https://www.zalora.co.id/catalog/?q=outfit+pria&page=12
house-of-cuff-celana-panjang-pria-slim-fit-kerja-formal-button-celana-bahan-stretch-hitam-black-2669586,https://www.zalora.co.id/catalog/?q=outfit+pria&page=4
house-of-cuff-celana-panjang-pria-slim-fit-kerja-formal-button-celana-bahan-stretch-navy-navy-3756027,https://www.zalora.co.id/catalog/?q=outfit+pria&page=8
sport-high-celana-panjang-training-blue-3603289,https://www.zalora.co.id/catalog/?q=outfit+pria&page=15
remix-jeans-celana-pendek-baby-terry-2243-black-3608481,https://www.zalora.co.id/catalog/?q=outfit+pria&page=8
gloaming-celana-pendek-cargo-hargraves-boardshort-black-black-4396273,https://www.zalora.co.id/catalog/?q=outfit+pria&page=4
2nd-red-celana-pendek-loreng-152201n-brown-5071389,https://www.zalora.co.id/catalog/?q=outfit+pria&page=20
sport-high-celana-pendek-pocket-short-pants-black-3207138,https://www.zalora.co.id/catalog/?q=outfit+pria&page=19
gloaming-celana-pendek-tosca-uniqlo-boardshort-blue-4515298,https://www.zalora.co.id/catalog/?q=outfit+pria&page=15
bombboogie-celana-pria-carpenter-army-green-5103805,https://www.zalora.co.id/catalog/?q=outfit+pria&page=18
cardinal-cf-casual-officer-beige-3722870,https://www.zalora.co.id/catalog/?q=outfit+pria&page=17
cardinal-cf-celana-chinose-beige-5052356,https://www.zalora.co.id/catalog/?q=outfit+pria&page=8
cardinal-cf-celana-formal-regular-fit-grey-4804066,https://www.zalora.co.id/catalog/?q=outfit+pria&page=18
cardinal-cf-celana-sopan-black-4420989,https://www.zalora.co.id/catalog/?q=outfit+pria&page=20
cardinal-cf-celana-sopan-grey-5052249,https://www.zalora.co.id/catalog/?q=outfit+pria&page=16
cardinal-cf-celana-sopan-silver-5052279,https://www.zalora.co.id/catalog/?q=outfit+pria&page=15
chameleon-chameleon-shortpant-black-2833849,https://www.zalora.co.id/catalog/?q=outfit+pria&page=9
chameleon-chameleon-shortpant-grey-2833865,https://www.zalora.co.id/catalog/?q=outfit+pria&page=5
chameleon-chameleon-shortpant-navy-2835403,https://www.zalora.co.id/catalog/?q=outfit+pria&page=6
edwin-jeans-chaz-jet-black-kaos-pria-lengan-pendek-ss-top-man-basic-tee-black-3948723,https://www.zalora.co.id/catalog/?q=outfit+pria&page=10
blood-bone-cheap-shot-short-black-black-2712926,https://www.zalora.co.id/catalog/?q=outfit+pria&page=2
edwin-jeans-chevron-dark-navy-kaos-pria-lengan-pendek-ss-top-man-graphic-tee-navy-3910716,https://www.zalora.co.id/catalog/?q=outfit+pria&page=4
x-eight-1-chicco-t-shirts-black-4873159,https://www.zalora.co.id/catalog/?q=outfit+pria&page=14
chimpanzees-chimpking-oversized-hoodie-navy-4485243,https://www.zalora.co.id/catalog/?q=outfit+pria&page=4
andrew-smith-chinos-black-2285373,https://www.zalora.co.id/catalog/?q=outfit+pria&page=14
edwin-jeans-circle-green-kaos-pria-lengan-pendek-ss-top-man-basic-tee-green-4194367,https://www.zalora.co.id/catalog/?q=outfit+pria&page=7
cardinal-cj-bermuda-regular-fit-multi-3591460,https://www.zalora.co.id/catalog/?q=outfit+pria&page=11
cardinal-cj-denim-celana-5-pc-brown-4454197,https://www.zalora.co.id/catalog/?q=outfit+pria&page=19
cogen-cogen-sandal-pria-kulit-sendal-slop-birken-vintage-opera-brown-brown-4240504,https://www.zalora.co.id/catalog/?q=outfit+pria&page=9
krisna-batik-collin-shirt-kemeja-batik-pria-panjang-green-5041325,https://www.zalora.co.id/catalog/?q=outfit+pria&page=17
flexzone-compression-legging-tights-calves-length-for-man-black-black-5036216,https://www.zalora.co.id/catalog/?q=outfit+pria&page=1
flexzone-compression-legging-tights-for-man-black-5036215,https://www.zalora.co.id/catalog/?q=outfit+pria&page=2
flexzone-compression-legging-tights-knee-length-for-man-black-5036217,https://www.zalora.co.id/catalog/?q=outfit+pria&page=1
arrow-cordelia-pin-clip-belt-blck-black-4963247,https://www.zalora.co.id/catalog/?q=outfit+pria&page=6
cotton-on-cotton-on-shorts-easy-short-blue-50-50-stripe-blue-4817403,https://www.zalora.co.id/catalog/?q=outfit+pria&page=14
marks-spencer-cotton-rich-spider-man-outfit-navy-5198158,https://www.zalora.co.id/catalog/?q=outfit+pria&page=6
cowather-cowather-ikat-pinggang-pria-kulit-sapi-asli-cz070-black-black-3821916,https://www.zalora.co.id/catalog/?q=outfit+pria&page=6
baellerry-craftman-tali-ikat-pinggang-pria-buckle-belt-model-retro-material-canvas-qu18-original-green-2089595,https://www.zalora.co.id/catalog/?q=outfit+pria&page=15
crocodile-crocodile-887by-dompet-pria-men-wallet-leather-kulit-original-hitam-black-4299520,https://www.zalora.co.id/catalog/?q=outfit+pria&page=4
crocodile-crocodile-cole-ash-baju-kaos-kerah-pria-men-polo-relax-fit-white-2328903,https://www.zalora.co.id/catalog/?q=outfit+pria&page=5
crocodile-crocodile-cole-black-baju-kaos-kerah-pria-men-polo-relax-fit-black-2328904,https://www.zalora.co.id/catalog/?q=outfit+pria&page=9
crocodile-crocodile-sock-isbs-navy-kaos-kaki-casual-pria-men-socks-navy-4741792,https://www.zalora.co.id/catalog/?q=outfit+pria&page=13
2nd-red-dad-jeans-stay-blue-dj2105-blue-2829322,https://www.zalora.co.id/catalog/?q=outfit+pria&page=18
hush-puppies-damond-pin-clip-r-black-4884496,https://www.zalora.co.id/catalog/?q=outfit+pria&page=13
obermain-danny-white-4847390,https://www.zalora.co.id/catalog/?q=outfit+pria&page=13
x-eight-1-dary-t-shirts-white-4833497,https://www.zalora.co.id/catalog/?q=outfit+pria&page=20
house-of-cuff-dasi-neck-tie-slim-polos-wedding-best-man-square-blue-dark-tie-blue-4031240,https://www.zalora.co.id/catalog/?q=outfit+pria&page=1
house-of-cuff-dasi-neck-tie-slim-polos-wedding-best-man-square-blue-tie-blue-4031239,https://www.zalora.co.id/catalog/?q=outfit+pria&page=6
house-of-cuff-dasi-neck-tie-slim-polos-wedding-best-man-square-brown-tie-brown-4031245,https://www.zalora.co.id/catalog/?q=outfit+pria&page=2
house-of-cuff-dasi-neck-tie-slim-polos-wedding-best-man-square-green-tie-green-4029508,https://www.zalora.co.id/catalog/?q=outfit+pria&page=6
house-of-cuff-dasi-neck-tie-slim-polos-wedding-best-man-square-yellow-tie-4029715,https://www.zalora.co.id/catalog/?q=outfit+pria&page=7
house-of-cuff-dasi-necktie-slim-polos-wedding-best-man-square-orange-light-tie-orange-4029716,https://www.zalora.co.id/catalog/?q=outfit+pria&page=6
hush-puppies-dawson-laces-boots-multi-4421069,https://www.zalora.co.id/catalog/?q=outfit+pria&page=1
arrow-dax-pin-clip-belt-black-4449984,https://www.zalora.co.id/catalog/?q=outfit+pria&page=3
hamlin-decs-sarung-tangan-pria-wanita-touch-screen-untuk-smartphones-tablet-material-cotton-original-black-black-2483735,https://www.zalora.co.id/catalog/?q=outfit+pria&page=19
obermain-deftones-green-4771212,https://www.zalora.co.id/catalog/?q=outfit+pria&page=11
wrangler-denim-slim-spenc-02p22-blue-3490283,https://www.zalora.co.id/catalog/?q=outfit+pria&page=15
desigual-desigual-man-photo-collage-t-shirt-multi-4489270,https://www.zalora.co.id/catalog/?q=outfit+pria&page=17
obermain-dezmond-white-4847373,https://www.zalora.co.id/catalog/?q=outfit+pria&page=20
okechuku-dhabi-kemeja-kurta-lengan-panjang-baju-kurta-lengan-panjang-outfit-idul-fitri-navy-navy-5277298,https://www.zalora.co.id/catalog/?q=outfit+pria&page=20
hush-puppies-dillion-2-ss25-grey-4331971,https://www.zalora.co.id/catalog/?q=outfit+pria&page=11
okechuku-dion-celana-jogger-hitam-celana-joger-hitam-jogger-pants-joger-pants-hitam-black-4594374,https://www.zalora.co.id/catalog/?q=outfit+pria&page=2
obermain-dion-zipper-shirt-brown-4714877,https://www.zalora.co.id/catalog/?q=outfit+pria&page=19
obermain-dome-green-4847391,https://www.zalora.co.id/catalog/?q=outfit+pria&page=7
edwin-jeans-dough-jet-black-kaos-pria-lengan-pendek-ss-top-man-graphic-tee-black-3856865,https://www.zalora.co.id/catalog/?q=outfit+pria&page=10
dr-kevin-dr-kevin-sepatu-sport-pria-men-sneakers-lentur-slip-on-889-048-black-3736727,https://www.zalora.co.id/catalog/?q=outfit+pria&page=14
x-eight-1-edlin-t-shirts-red-4847342,https://www.zalora.co.id/catalog/?q=outfit+pria&page=10
eiger-eiger-ascend-track-1-0-xt-pants-5117454,https://www.zalora.co.id/catalog/?q=outfit+pria&page=11
eiger-eiger-jam-touchdigi-1-0-watch-4087708,https://www.zalora.co.id/catalog/?q=outfit+pria&page=7
eiger-eiger-mission-ls-shirt-4833789,https://www.zalora.co.id/catalog/?q=outfit+pria&page=13
eiger-eiger-one-man-rd-t-shirt-4087749,https://www.zalora.co.id/catalog/?q=outfit+pria&page=8
eiger-eiger-one-man-rd-t-shirt-4087750,https://www.zalora.co.id/catalog/?q=outfit+pria&page=12
edwin-jeans-elevate-bright-white-kaos-pria-lengan-pendek-ss-top-man-graphic-tee-3992073,https://www.zalora.co.id/catalog/?q=outfit+pria&page=12
obermain-elliot-stand-collar-shirt-navy-4860305,https://www.zalora.co.id/catalog/?q=outfit+pria&page=17
edwin-jeans-elmo-dark-navy-kemeja-lengan-panjang-pria-top-man-shirt-navy-3916062,https://www.zalora.co.id/catalog/?q=outfit+pria&page=3
edwin-jeans-elmo-green-olive-kemeja-lengan-panjang-pria-top-man-shirt-green-3916057,https://www.zalora.co.id/catalog/?q=outfit+pria&page=1
quiksilver-embark-rf-green-4866090,https://www.zalora.co.id/catalog/?q=outfit+pria&page=8
enzy-batik-enzy-basic-celana-formal-pria-slimfit-hitam-black-3730216,https://www.zalora.co.id/catalog/?q=outfit+pria&page=8
ethan-white-ethan-white-casual-meccape-linen-slim-fit-4803432,https://www.zalora.co.id/catalog/?q=outfit+pria&page=7
ethan-white-ethan-white-long-sleeve-anoer-slim-fit-4881268,https://www.zalora.co.id/catalog/?q=outfit+pria&page=11
ethan-white-ethan-white-long-sleeve-planeir-white-4660263,https://www.zalora.co.id/catalog/?q=outfit+pria&page=9
ethan-white-ethan-white-long-sleeve-planeir-white-4660274,https://www.zalora.co.id/catalog/?q=outfit+pria&page=7
ethan-white-ethan-white-long-sleeve-planeir-white-4796412,https://www.zalora.co.id/catalog/?q=outfit+pria&page=10
ethan-white-ethan-white-short-casual-mareeb-09tr-4667024,https://www.zalora.co.id/catalog/?q=outfit+pria&page=15
ethan-white-ethan-white-short-casual-solid-reyk-27pk-4676956,https://www.zalora.co.id/catalog/?q=outfit+pria&page=10
ethan-white-ethan-white-short-sleeve-adrew-florie-4897072,https://www.zalora.co.id/catalog/?q=outfit+pria&page=11
ethan-white-ethan-white-short-sleeve-casual-ebien-55bk-4881256,https://www.zalora.co.id/catalog/?q=outfit+pria&page=9
ethan-white-ethan-white-short-sleeve-elberth-lb-4881272,https://www.zalora.co.id/catalog/?q=outfit+pria&page=4
ethan-white-ethan-white-short-sleeve-gorre-el-17gn-4897070,https://www.zalora.co.id/catalog/?q=outfit+pria&page=2
ethan-white-ethan-white-short-sleeve-hawaiian-lommie-white-4872975,https://www.zalora.co.id/catalog/?q=outfit+pria&page=10
ethan-white-ethan-white-short-sleeve-hawaiian-peco-og-4894213,https://www.zalora.co.id/catalog/?q=outfit+pria&page=19
ethan-white-ethan-white-short-sleeve-khadafe-check-4876068,https://www.zalora.co.id/catalog/?q=outfit+pria&page=2
ethan-white-ethan-white-short-sleeve-linen-check-bibble-4889286,https://www.zalora.co.id/catalog/?q=outfit+pria&page=2
ethan-white-ethan-white-short-sleeve-linen-ripe-white-line-4884669,https://www.zalora.co.id/catalog/?q=outfit+pria&page=15
ethan-white-ethan-white-celana-panjang-chino-casual-cream-sinclair-5063421,https://www.zalora.co.id/catalog/?q=outfit+pria&page=11
new-balance-everyday-lightweight-ankle-3-pack-white-4908171,https://www.zalora.co.id/catalog/?q=outfit+pria&page=7
new-balance-everyday-lightweight-ankle-3-pack-white-4914725,https://www.zalora.co.id/catalog/?q=outfit+pria&page=15
hush-puppies-farro-2-black-4440050,https://www.zalora.co.id/catalog/?q=outfit+pria&page=15
hush-puppies-farro-2-multi-4440069,https://www.zalora.co.id/catalog/?q=outfit+pria&page=13
hush-puppies-farro-2-navy-4440051,https://www.zalora.co.id/catalog/?q=outfit+pria&page=14
edwin-jeans-ferando-chinos-dark-grey-celana-panjang-bottoms-man-slim-fit-grey-4122167,https://www.zalora.co.id/catalog/?q=outfit+pria&page=4
edwin-jeans-ferando-chinos-dark-navy-celana-panjang-bottoms-man-slim-fit-navy-4147372,https://www.zalora.co.id/catalog/?q=outfit+pria&page=1
edwin-jeans-ferando-chinos-jet-black-celana-panjang-bottoms-man-slim-fit-black-4147374,https://www.zalora.co.id/catalog/?q=outfit+pria&page=1
edwin-jeans-ferando-chinos-khaky-celana-panjang-bottoms-man-slim-fit-brown-4147370,https://www.zalora.co.id/catalog/?q=outfit+pria&page=3
obermain-filliand-denim-pants-navy-5029018,https://www.zalora.co.id/catalog/?q=outfit+pria&page=15
fitwear-fitwear-celana-lari-inner-dryfit-pria-charles-half-printed-black-black-4754396,https://www.zalora.co.id/catalog/?q=outfit+pria&page=14
fitwear-fitwear-celana-lari-legging-dryfit-pria-jackson-colored-reflective-black-black-4754394,https://www.zalora.co.id/catalog/?q=outfit+pria&page=11
fitwear-fitwear-celana-lari-dryfit-pria-david-breathable-short-black-black-4316451,https://www.zalora.co.id/catalog/?q=outfit+pria&page=11
fitwear-fitwear-celana-lari-dryfit-pria-fitwear-dylan-printed-waist-fitwear-black-black-4670951,https://www.zalora.co.id/catalog/?q=outfit+pria&page=17
fitwear-fitwear-kaos-olahraga-running-pria-joseph-reflective-stripe-heather-gray-multi-4328518,https://www.zalora.co.id/catalog/?q=outfit+pria&page=13
fitwear-fitwear-celana-lari-olahraga-pria-simon-stretch-dryfit-pocket-zip-black-black-3231038,https://www.zalora.co.id/catalog/?q=outfit+pria&page=9
fitwear-fitwear-jogger-olahraga-pria-anthony-stretch-dryfit-pocket-khaki-multi-2754217,https://www.zalora.co.id/catalog/?q=outfit+pria&page=20
flexzone-flexzone-sports-short-pants-basic-marathon-2-0-series-black-black-3567149,https://www.zalora.co.id/catalog/?q=outfit+pria&page=16
flexzone-flexzone-sports-short-pants-basic-marathon-2-0-series-grey-grey-3567150,https://www.zalora.co.id/catalog/?q=outfit+pria&page=18
flexzone-flexzone-sports-short-pants-basic-marathon-2-0-series-navy-navy-3567161,https://www.zalora.co.id/catalog/?q=outfit+pria&page=4
flexzone-flexzone-sports-short-pants-basic-marathon-2-0-series-white-white-3567154,https://www.zalora.co.id/catalog/?q=outfit+pria&page=6
obermain-flint-brown-4623695,https://www.zalora.co.id/catalog/?q=outfit+pria&page=12
koton-floral-print-shirt-white-4535090,https://www.zalora.co.id/catalog/?q=outfit+pria&page=9
flyman-flyman-ice-silk-tank-top-1-pcs-fma-3366-onyx-black-4384757,https://www.zalora.co.id/catalog/?q=outfit+pria&page=13
flyman-flyman-relaxing-jogger-pants-1-pcs-fm-3356-ash-grey-3487302,https://www.zalora.co.id/catalog/?q=outfit+pria&page=12
flyman-flyman-relaxing-shorts-1-pcs-fm-3358-ash-grey-3487298,https://www.zalora.co.id/catalog/?q=outfit+pria&page=5
flyman-flyman-relaxing-shorts-1-pcs-fm-3358-coffee-brown-4809702,https://www.zalora.co.id/catalog/?q=outfit+pria&page=15
flyman-flyman-relaxing-shorts-1-pcs-fm-3358-midnight-navy-3487299,https://www.zalora.co.id/catalog/?q=outfit+pria&page=3
flyman-flyman-relaxing-shorts-1-pcs-fm-3358-onyx-black-3487297,https://www.zalora.co.id/catalog/?q=outfit+pria&page=3
flyman-flyman-relaxing-t-shirt-3-pcs-fma-3365-multi-4593483,https://www.zalora.co.id/catalog/?q=outfit+pria&page=14
foot-step-footstep-footwear-sepatu-pria-sneakers-apollo-full-black-original-shoes-black-5071285,https://www.zalora.co.id/catalog/?q=outfit+pria&page=11
andrew-smith-formal-pants-black-3838052,https://www.zalora.co.id/catalog/?q=outfit+pria&page=14
andrew-smith-formal-pants-black-3966616,https://www.zalora.co.id/catalog/?q=outfit+pria&page=18
jordan-franchise-shower-slides-black-4976005,https://www.zalora.co.id/catalog/?q=outfit+pria&page=2
edwin-jeans-frank-chinos-golden-brown-celana-panjang-bottoms-man-slim-fit-3978313,https://www.zalora.co.id/catalog/?q=outfit+pria&page=1
edwin-jeans-freddy-chinos-dark-brown-celana-panjang-bottoms-man-reguler-fit-3976616,https://www.zalora.co.id/catalog/?q=outfit+pria&page=5
pandora-ginger-bread-man-with-candy-cane-sterling-silver-dangle-with-spectra-green-crystal-red-cubic-zirconia-red-pink-brown-and-green-enamel-silver-5095069,https://www.zalora.co.id/catalog/?q=outfit+pria&page=15
lezahrasignature-gio-man-plain-shorts-with-pockets-grey-4999469,https://www.zalora.co.id/catalog/?q=outfit+pria&page=1
gloaming-gloaming-aries-jacket-gorpocore-cream-beige-4366413,https://www.zalora.co.id/catalog/?q=outfit+pria&page=11
gloaming-gloaming-celana-panjang-reguler-fit-pants-pria-hitam-polos-gloaming-original-black-4457289,https://www.zalora.co.id/catalog/?q=outfit+pria&page=5
gloaming-gloaming-kaos-oversized-cotton-danball-290-gsm-cream-beige-4797006,https://www.zalora.co.id/catalog/?q=outfit+pria&page=20
greenlight-greenlight-men-s-t-shirt-short-sleeve-regular-fit-cotton-beach-ol-c220325-white-4907213,https://www.zalora.co.id/catalog/?q=outfit+pria&page=14
greenlight-greenlight-men-s-t-shirt-short-sleeve-regular-fit-cotton-found-c050625-black-5004562,https://www.zalora.co.id/catalog/?q=outfit+pria&page=14
greenlight-greenlight-men-s-t-shirt-short-sleeve-regular-fit-cotton-gen-c040625-black-5004561,https://www.zalora.co.id/catalog/?q=outfit+pria&page=12
greenlight-greenlight-men-s-t-shirt-short-sleeve-regular-fit-cotton-gl-journey-ol-c100425-green-4989018,https://www.zalora.co.id/catalog/?q=outfit+pria&page=10
greenlight-greenlight-men-s-t-shirt-short-sleeve-regular-fit-cotton-perspective-c030225-black-4833947,https://www.zalora.co.id/catalog/?q=outfit+pria&page=16
greenlight-greenlight-men-s-t-shirt-short-sleeve-regular-fit-cotton-swinging-c110625-black-5004683,https://www.zalora.co.id/catalog/?q=outfit+pria&page=15
greenlight-greenlight-men-s-t-shirt-short-sleeve-regular-fit-cotton-varo-ol-c281224-blue-4880193,https://www.zalora.co.id/catalog/?q=outfit+pria&page=16
blood-bone-guerilla-short-black-4337776,https://www.zalora.co.id/catalog/?q=outfit+pria&page=2
hush-puppies-gurney-4900914,https://www.zalora.co.id/catalog/?q=outfit+pria&page=10
guy-laroche-guy-laroche-regular-long-solid-depp-forke-4845672,https://www.zalora.co.id/catalog/?q=outfit+pria&page=1
guy-laroche-guy-laroche-short-regular-sleeve-mronne-joe-4860161,https://www.zalora.co.id/catalog/?q=outfit+pria&page=2
flexzone-gymbag-mini-compact-35-cm-black-black-4617997,https://www.zalora.co.id/catalog/?q=outfit+pria&page=5
hammer-hammer-men-basic-polo-kaos-kerah-pria-reguler-lengan-pendek-hitam-z1po001h1-black-3240868,https://www.zalora.co.id/catalog/?q=outfit+pria&page=3
hammer-hammer-men-basic-t-shirt-kaos-polos-pria-reguler-lengan-pendek-navy-z1to001n1-navy-2882537,https://www.zalora.co.id/catalog/?q=outfit+pria&page=3
hammer-hammer-men-basic-t-shirt-kaos-polos-pria-reguler-lengan-pendek-putih-z1to001w1-white-2859780,https://www.zalora.co.id/catalog/?q=outfit+pria&page=9
remix-jeans-hoodie-mans-tangan-panjang-2519j22-navy-3581253,https://www.zalora.co.id/catalog/?q=outfit+pria&page=4
remix-jeans-hoodie-mans-tangan-panjang-2519j25-red-3581274,https://www.zalora.co.id/catalog/?q=outfit+pria&page=16
house-of-cuff-houseofcuf-topi-panama-hat-fedora-pantai-lebar-unisex-beige-list-hitam-3916401,https://www.zalora.co.id/catalog/?q=outfit+pria&page=13
house-of-cuff-houseofcuff-celana-chino-panjang-pria-slim-fit-stretch-jeans-putih-white-3531664,https://www.zalora.co.id/catalog/?q=outfit+pria&page=3
house-of-cuff-houseofcuff-celana-panjang-bahan-regular-loose-fit-pants-abu-grey-4423520,https://www.zalora.co.id/catalog/?q=outfit+pria&page=10
house-of-cuff-houseofcuff-cufflinks-jepit-dasi-pin-tie-set-warna-silver-x026-silver-4810277,https://www.zalora.co.id/catalog/?q=outfit+pria&page=7
house-of-cuff-houseofcuff-dasi-necktie-slim-polos-wedding-best-man-black-tie-2-black-4016584,https://www.zalora.co.id/catalog/?q=outfit+pria&page=1
house-of-cuff-houseofcuff-dasi-wine-dark-maroon-listed-neck-tie-red-4019517,https://www.zalora.co.id/catalog/?q=outfit+pria&page=10
house-of-cuff-houseofcuff-t-shirt-kaos-hitam-motif-bangau-laut-tersedia-size-s-4xl-black-4200620,https://www.zalora.co.id/catalog/?q=outfit+pria&page=8
house-of-cuff-houseofcuff-topi-kupluk-rajut-beanie-hat-polos-topi-gunung-hitam-black-4308414,https://www.zalora.co.id/catalog/?q=outfit+pria&page=12
house-of-cuff-houseofcuff-topi-panama-hat-fedora-pantai-cowboy-lebar-unisex-cokelat-3916329,https://www.zalora.co.id/catalog/?q=outfit+pria&page=12
house-of-cuff-houseofcuff-topi-panama-hat-fedora-pantai-cowboy-lebar-unisex-hitam-black-3916145,https://www.zalora.co.id/catalog/?q=outfit+pria&page=3
insight-insight-kemeja-lengan-pendek-pria-c-heaven-door-shirt-planet-surf-black-4668297,https://www.zalora.co.id/catalog/?q=outfit+pria&page=7
x-eight-1-irham-t-shirts-black-4876549,https://www.zalora.co.id/catalog/?q=outfit+pria&page=17
x-eight-1-ivander-t-shirts-black-4866557,https://www.zalora.co.id/catalog/?q=outfit+pria&page=16
baellerry-iwinter-topi-trucker-baseball-star-quick-drying-mesh-resizable-strap-material-cotton-zl32-original-black-3531842,https://www.zalora.co.id/catalog/?q=outfit+pria&page=18
jack-nicklaus-jack-nicklaus-bayfield-premium-box-print-polo-classic-navy-navy-4888222,https://www.zalora.co.id/catalog/?q=outfit+pria&page=19
jack-nicklaus-jack-nicklaus-bridgeston-celana-panjang-pria-slim-fit-charcoal-warna-charcoal-grey-4714625,https://www.zalora.co.id/catalog/?q=outfit+pria&page=1
jack-nicklaus-jack-nicklaus-bridgeston-celana-panjang-pria-slim-fit-dark-green-warna-dark-green-green-4714623,https://www.zalora.co.id/catalog/?q=outfit+pria&page=2
jack-nicklaus-jack-nicklaus-cougar-celana-panjang-pria-slim-fit-navy-navy-4949941,https://www.zalora.co.id/catalog/?q=outfit+pria&page=9
jack-nicklaus-jack-nicklaus-thunderbird-celana-panjang-pria-slim-fit-light-grey-grey-4949929,https://www.zalora.co.id/catalog/?q=outfit+pria&page=2
jack-nicklaus-jack-nicklaus-thunderbird-celana-panjang-pria-slim-fit-light-khaki-brown-4949938,https://www.zalora.co.id/catalog/?q=outfit+pria&page=6
jack-nicklaus-jack-nicklaus-thunderbird-celana-panjang-pria-slim-fit-olive-green-4949944,https://www.zalora.co.id/catalog/?q=outfit+pria&page=2
remix-jeans-jacket-mans-bomber-2483-green-3243204,https://www.zalora.co.id/catalog/?q=outfit+pria&page=9
gloaming-jaket-parasut-pullover-hoodie-waterproof-black-black-3812078,https://www.zalora.co.id/catalog/?q=outfit+pria&page=5
sunlifex-jam-tangan-couple-9090-m-sl9090-w-stainless-steel-berlian-anti-air-analog-bisnis-kuarsa-jam-tangan-wanita-pria-silver-black-black-silver-4514593,https://www.zalora.co.id/catalog/?q=outfit+pria&page=19
alexandre-christie-jam-tangan-pria-alexandre-christie-ac-6141-md-bssba-men-black-dial-stainless-steel-strap-multi-5110378,https://www.zalora.co.id/catalog/?q=outfit+pria&page=12
alexandre-christie-jam-tangan-pria-alexandre-christie-digi-ac-9370-mh-rubba-men-digital-analog-dial-black-rubber-strap-black-3876574,https://www.zalora.co.id/catalog/?q=outfit+pria&page=13
casio-jam-tangan-pria-analog-casio-standard-mq-71-1bdf-mq71-classic-black-dial-black-resin-band-multi-3446351,https://www.zalora.co.id/catalog/?q=outfit+pria&page=18
casio-jam-tangan-pria-analog-casio-standard-mq-76-1aldf-mq76-black-dial-black-resin-band-black-3331231,https://www.zalora.co.id/catalog/?q=outfit+pria&page=1
casio-jam-tangan-pria-analog-casio-standard-mtp-1239d-2adf-mtp1239-mtp-1239d-enticer-stainless-steel-band-silver-3832208,https://www.zalora.co.id/catalog/?q=outfit+pria&page=4
casio-jam-tangan-pria-analog-casio-standard-mtp-v002l-1b3udf-mtpv002-mtp-v002l-black-dial-leather-band-black-3336597,https://www.zalora.co.id/catalog/?q=outfit+pria&page=1
casio-jam-tangan-pria-analog-casio-standard-mw-240-7evdf-mw240-black-resin-band-white-3337083,https://www.zalora.co.id/catalog/?q=outfit+pria&page=5
casio-jam-tangan-pria-casio-general-mrw-200hc-7b2vdf-mrw200-mrw-200hc-water-resistant-100m-white-resin-band-multi-3446341,https://www.zalora.co.id/catalog/?q=outfit+pria&page=9
casio-jam-tangan-pria-casio-standard-mtp-v002l-7b2udf-mtpv002-mtp-v002l-silver-dial-brown-leather-band-silver-3337148,https://www.zalora.co.id/catalog/?q=outfit+pria&page=9
casio-jam-tangan-pria-casio-standard-mtp-v004d-1b2udf-mtpv004-mtp-v004d-black-dial-stainless-steel-band-black-3331113,https://www.zalora.co.id/catalog/?q=outfit+pria&page=1
casio-jam-tangan-pria-casio-standard-mtp-vd01bl-1bvudf-mtp-vd01bl-mtpvd01-black-dial-black-3407625,https://www.zalora.co.id/catalog/?q=outfit+pria&page=14
casio-jam-tangan-pria-digital-casio-standard-w-217h-1avdf-w217-w-217h-dial-black-resin-band-black-3337164,https://www.zalora.co.id/catalog/?q=outfit+pria&page=2
sunlifex-jam-tangan-pria-digital-olahraga-mode-tali-silikon-alarm-jam-tangan-cowok-black-black-4510628,https://www.zalora.co.id/catalog/?q=outfit+pria&page=11
sunlifex-jam-tangan-pria-digital-olahraga-mode-tali-silikon-alarm-jam-tangan-cowok-yellow-yellow-4510629,https://www.zalora.co.id/catalog/?q=outfit+pria&page=8
sunlifex-jam-tangan-pria-m0006-analog-digital-original-tali-silikon-anti-air-jam-tangan-cowok-black-black-4702058,https://www.zalora.co.id/catalog/?q=outfit+pria&page=3
sunlifex-jam-tangan-pria-original-9032-anti-air-olahraga-kalender-tali-stainless-steel-jam-tangan-cowok-allblack-black-4743679,https://www.zalora.co.id/catalog/?q=outfit+pria&page=2
biden-watch-jam-tangan-pria-original-multifungsi-analog-digital-tali-kulit-olahraga-anti-air-jam-tangan-cowok-brownblack-black-brown-4922515,https://www.zalora.co.id/catalog/?q=outfit+pria&page=3
casio-jam-tangan-unisex-casio-general-a168wepc-7adr-pac-man-collaboration-digital-dial-stainless-steel-band-silver-5036486,https://www.zalora.co.id/catalog/?q=outfit+pria&page=17
casio-jam-tangan-unisex-casio-general-f-91wpc-1adr-f91-f-91w-pac-man-collaboration-digital-dial-black-resin-band-black-5036484,https://www.zalora.co.id/catalog/?q=outfit+pria&page=11
casio-jam-tangan-unisex-digital-casio-standard-b640wd-1avdf-b640-stainless-steel-band-silver-3446239,https://www.zalora.co.id/catalog/?q=outfit+pria&page=6
casio-jam-tangan-unisex-digital-casio-standard-f-91w-1dg-f91-f-91w-classic-black-resin-multi-3451135,https://www.zalora.co.id/catalog/?q=outfit+pria&page=1
okechuku-jay-celana-chino-slimfit-pria-celana-panjang-chino-pria-khaki-4627578,https://www.zalora.co.id/catalog/?q=outfit+pria&page=10
2nd-red-jeans-slim-fit-infinity-2r132105-blue-3388280,https://www.zalora.co.id/catalog/?q=outfit+pria&page=14
edwin-jeans-jerome-black-celana-cargo-pria-reguler-fit-bottom-man-cargo-pants-black-5088415,https://www.zalora.co.id/catalog/?q=outfit+pria&page=3
hush-puppies-jf-confetti-black-5108976,https://www.zalora.co.id/catalog/?q=outfit+pria&page=3
jobb-jobb-active-zach-celana-panjang-pria-modern-slim-fit-dark-black-black-4943771,https://www.zalora.co.id/catalog/?q=outfit+pria&page=4
jobb-jobb-active-zach-celana-panjang-pria-modern-slim-fit-dark-grey-grey-4949619,https://www.zalora.co.id/catalog/?q=outfit+pria&page=6
jobb-jobb-active-zach-celana-panjang-pria-modern-slim-fit-light-grey-grey-4943770,https://www.zalora.co.id/catalog/?q=outfit+pria&page=4
jobb-jobb-active-zach-celana-panjang-pria-modern-slim-fit-light-khaki-warna-light-khaki-brown-4941071,https://www.zalora.co.id/catalog/?q=outfit+pria&page=13
jobb-jobb-bellagio-kemeja-pria-lengan-panjang-slim-fit-navy-4-navy-4686879,https://www.zalora.co.id/catalog/?q=outfit+pria&page=15
jobb-jobb-candana-polo-shirt-pria-lengan-pendek-slim-fit-medium-blue-blue-4079764,https://www.zalora.co.id/catalog/?q=outfit+pria&page=6
jobb-jobb-lucido-celana-panjang-pria-slim-fit-hitam-black-3642875,https://www.zalora.co.id/catalog/?q=outfit+pria&page=11
jobb-jobb-ruby-b-celana-panjang-pria-modern-slim-fit-hitam-3-warna-black-black-4662303,https://www.zalora.co.id/catalog/?q=outfit+pria&page=8
flexzone-jogger-pants-3-4-stretch-fasttrack-series-black-black-4294788,https://www.zalora.co.id/catalog/?q=outfit+pria&page=14
flexzone-jogger-pants-3-4-stretch-fasttrack-series-navy-navy-4294790,https://www.zalora.co.id/catalog/?q=outfit+pria&page=12
flexzone-jogger-superlight-series-black-black-4855530,https://www.zalora.co.id/catalog/?q=outfit+pria&page=1
flexzone-jogger-superlight-series-tan-beige-4956263,https://www.zalora.co.id/catalog/?q=outfit+pria&page=11
hamlin-joseph-belt-tali-ikat-pinggang-pria-material-canvas-comfortable-buckle-original-light-brown-brown-2497919,https://www.zalora.co.id/catalog/?q=outfit+pria&page=17
edwin-jeans-joyride-black-kemeja-denim-casual-pria-lengan-pendek-ss-top-man-shirt-black-4220084,https://www.zalora.co.id/catalog/?q=outfit+pria&page=1
blood-bone-k-club-shirt-yellow-yellow-3772185,https://www.zalora.co.id/catalog/?q=outfit+pria&page=10
kale-clothing-kale-pierre-black-polo-shirt-pria-atasan-pria-baju-pria-warna-pierre-black-polo-shirt-slim-fit-black-4634910,https://www.zalora.co.id/catalog/?q=outfit+pria&page=19
kale-clothing-kale-vasco-white-kaos-asian-fit-t-shirt-pria-atasan-kaos-pria-cotton-combed-24s-white-4950980,https://www.zalora.co.id/catalog/?q=outfit+pria&page=13
bombboogie-kaos-polo-pria-herrent-white-5102814,https://www.zalora.co.id/catalog/?q=outfit+pria&page=12
gloaming-kaos-polos-cotton-combed-24s-bci-super-soft-brown-unisex-brown-3811201,https://www.zalora.co.id/catalog/?q=outfit+pria&page=14
gloaming-kaos-polos-cotton-combed-24s-bci-super-soft-hijau-army-unisex-green-3811218,https://www.zalora.co.id/catalog/?q=outfit+pria&page=5
gloaming-kaos-polos-light-green-cotton-combed-green-3811487,https://www.zalora.co.id/catalog/?q=outfit+pria&page=9
house-of-cuff-kaos-polos-pria-premium-katun-combed-lengan-pendek-hitam-black-3295051,https://www.zalora.co.id/catalog/?q=outfit+pria&page=18
remix-jeans-kemeja-basic-reg-2743-black-2516350,https://www.zalora.co.id/catalog/?q=outfit+pria&page=9
2nd-red-kemeja-denim-tangan-pendek-182302-navy-4016343,https://www.zalora.co.id/catalog/?q=outfit+pria&page=4
2nd-red-kemeja-denim-wanita-skena-l-s-krah-mandarin-saku-besar-282403-blue-4607213,https://www.zalora.co.id/catalog/?q=outfit+pria&page=18
ethan-white-kemeja-ethan-white-lengan-pendek-hawaiian-bluenaya-4720737,https://www.zalora.co.id/catalog/?q=outfit+pria&page=8
ethan-white-kemeja-ethan-white-lengan-pendek-hawaiian-moorea-ly-4720738,https://www.zalora.co.id/catalog/?q=outfit+pria&page=5
ethan-white-kemeja-ethan-white-lengan-pendek-hawaiian-rouffe-leaf-4720812,https://www.zalora.co.id/catalog/?q=outfit+pria&page=7
ethan-white-kemeja-ethan-white-lengan-pendek-print-mangolia-black-5059943,https://www.zalora.co.id/catalog/?q=outfit+pria&page=3
ethan-white-kemeja-ethan-white-lengan-pendek-print-moppe-white-4699955,https://www.zalora.co.id/catalog/?q=outfit+pria&page=6
ethan-white-kemeja-ethan-white-lengan-pendek-print-terrune-ln-4699919,https://www.zalora.co.id/catalog/?q=outfit+pria&page=3
ethan-white-kemeja-ethan-white-lengan-pendek-print-terrune-ln-4710634,https://www.zalora.co.id/catalog/?q=outfit+pria&page=6
ethan-white-kemeja-ethan-white-lengan-pendek-print-triangle-black-4699928,https://www.zalora.co.id/catalog/?q=outfit+pria&page=1
ethan-white-kemeja-ethan-white-lengan-pendek-print-wamme-lg-4699896,https://www.zalora.co.id/catalog/?q=outfit+pria&page=2
ethan-white-kemeja-ethan-white-lengan-pendek-print-zebb-white-4699956,https://www.zalora.co.id/catalog/?q=outfit+pria&page=4
ethan-white-kemeja-ethan-white-lengan-pendek-twefo-print-nav-colour-navy-4720811,https://www.zalora.co.id/catalog/?q=outfit+pria&page=3
ethan-white-kemeja-lengan-panjang-ethan-white-motif-garis-halus-light-blue-cotton-smart-casual-4699902,https://www.zalora.co.id/catalog/?q=outfit+pria&page=10
ethan-white-kemeja-lengan-panjang-ethan-white-motif-garis-halus-light-blue-cotton-smart-casual-4699907,https://www.zalora.co.id/catalog/?q=outfit+pria&page=4
guy-laroche-kemeja-lengan-panjang-guy-laroche-plaid-drake-blue-4510823,https://www.zalora.co.id/catalog/?q=outfit+pria&page=2
pierre-cardin-kemeja-lengan-panjang-pierre-cardin-solid-remy-light-blue-cotton-smart-casual-5097204,https://www.zalora.co.id/catalog/?q=outfit+pria&page=12
pierre-cardin-kemeja-lengan-panjang-pierre-cardin-wanita-double-cuff-serena-check-4331030,https://www.zalora.co.id/catalog/?q=outfit+pria&page=19
ethan-white-kemeja-lengan-pendek-ethan-white-botanical-wave-blue-nylon-casual-4867481,https://www.zalora.co.id/catalog/?q=outfit+pria&page=14
ethan-white-kemeja-lengan-pendek-ethan-white-dellion-print-4667312,https://www.zalora.co.id/catalog/?q=outfit+pria&page=7
ethan-white-kemeja-lengan-pendek-ethan-white-edric-stripe-yellow-poly-cotton-smart-casual-5059942,https://www.zalora.co.id/catalog/?q=outfit+pria&page=4
ethan-white-kemeja-lengan-pendek-ethan-white-hart-plain-navy-cotton-smart-casual-5061969,https://www.zalora.co.id/catalog/?q=outfit+pria&page=3
ethan-white-kemeja-lengan-pendek-ethan-white-mixed-pattern-grey-cotton-smart-casual-5061865,https://www.zalora.co.id/catalog/?q=outfit+pria&page=4
ethan-white-kemeja-lengan-pendek-ethan-white-pineapple-frost-print-4660261,https://www.zalora.co.id/catalog/?q=outfit+pria&page=9
ethan-white-kemeja-lengan-pendek-ethan-white-print-olabri-grey-4660273,https://www.zalora.co.id/catalog/?q=outfit+pria&page=10
ethan-white-kemeja-lengan-pendek-ethan-white-print-qion-tiff-blue-4660258,https://www.zalora.co.id/catalog/?q=outfit+pria&page=4
ethan-white-kemeja-lengan-pendek-ethan-white-solid-tangerine-breeze-orange-4667159,https://www.zalora.co.id/catalog/?q=outfit+pria&page=5
ethan-white-kemeja-lengan-pendek-ethan-white-tuqqle-ly-4667156,https://www.zalora.co.id/catalog/?q=outfit+pria&page=6
guy-laroche-kemeja-lengan-pendek-guy-laroche-forest-checks-green-breathable-smart-casual-5097208,https://www.zalora.co.id/catalog/?q=outfit+pria&page=1
guy-laroche-kemeja-lengan-pendek-guy-laroche-iced-cerulean-light-blue-cotton-blend-smart-casual-5093818,https://www.zalora.co.id/catalog/?q=outfit+pria&page=1
guy-laroche-kemeja-lengan-pendek-guy-laroche-microgriffe-white-cotton-smart-casual-5093811,https://www.zalora.co.id/catalog/?q=outfit+pria&page=2
guy-laroche-kemeja-lengan-pendek-guy-laroche-mix-grid-blue-cotton-mix-stretch-semi-formal-5093817,https://www.zalora.co.id/catalog/?q=outfit+pria&page=3
guy-laroche-kemeja-lengan-pendek-guy-laroche-pixel-grid-navy-print-cotton-smart-casual-5093141,https://www.zalora.co.id/catalog/?q=outfit+pria&page=2
guy-laroche-kemeja-lengan-pendek-guy-laroche-serein-grey-cotton-smart-casual-5095946,https://www.zalora.co.id/catalog/?q=outfit+pria&page=1
pierre-cardin-kemeja-lengan-pendek-pierre-cardin-bamboo-shade-kai-grey-cotton-smart-casual-5106360,https://www.zalora.co.id/catalog/?q=outfit+pria&page=4
pierre-cardin-kemeja-lengan-pendek-pierre-cardin-print-louvre-light-4519264,https://www.zalora.co.id/catalog/?q=outfit+pria&page=5
pierre-cardin-kemeja-lengan-pendek-pierre-cardin-technoshirt-aero-grid-light-blue-cotton-smart-casual-5106007,https://www.zalora.co.id/catalog/?q=outfit+pria&page=6
pierre-cardin-kemeja-lengan-pendek-pierre-cardin-technoshirt-checkered-alba-red-cotton-smart-casual-5107435,https://www.zalora.co.id/catalog/?q=outfit+pria&page=7
pierre-cardin-kemeja-lengan-pendek-pierre-cardin-technoshirt-checkered-jules-orange-cotton-smart-casual-5106005,https://www.zalora.co.id/catalog/?q=outfit+pria&page=3
pierre-cardin-kemeja-lengan-pendek-pierre-cardin-technoshirt-checkered-marc-navy-cotton-smart-casual-5093144,https://www.zalora.co.id/catalog/?q=outfit+pria&page=2
pierre-cardin-kemeja-lengan-pendek-pierre-cardin-technoshirt-grid-check-purple-cotton-smart-casual-5105988,https://www.zalora.co.id/catalog/?q=outfit+pria&page=7
pierre-cardin-kemeja-lengan-pendek-pierre-cardin-technoshirt-lilienne-print-off-white-cotton-smart-casual-5092233,https://www.zalora.co.id/catalog/?q=outfit+pria&page=6
pierre-cardin-kemeja-lengan-pendek-pierre-cardin-technoshirt-urban-grid-red-cotton-smart-casual-5093146,https://www.zalora.co.id/catalog/?q=outfit+pria&page=6
pierre-cardin-kemeja-lengan-pendek-pierre-cardin-technoshirt-vector-flow-blue-cotton-smart-casual-5107423,https://www.zalora.co.id/catalog/?q=outfit+pria&page=8
pierre-cardin-kemeja-lengan-pendek-pierre-cardin-traditional-lemuno-shirt-4519265,https://www.zalora.co.id/catalog/?q=outfit+pria&page=16
bombboogie-kemeja-pria-chambray-eraser-blue-5103645,https://www.zalora.co.id/catalog/?q=outfit+pria&page=3
ethan-white-kemeja-pria-lengan-pendek-ethan-white-chevron-print-violet-4660272,https://www.zalora.co.id/catalog/?q=outfit+pria&page=8
ethan-white-kemeja-pria-lengan-pendek-ethan-white-printed-woro-white-5061970,https://www.zalora.co.id/catalog/?q=outfit+pria&page=3
ethan-white-kemeja-pria-lengan-pendek-ethan-white-printed-woro-white-5063420,https://www.zalora.co.id/catalog/?q=outfit+pria&page=4
ethan-white-kemeja-pria-lengan-pendek-ethan-white-solid-granie-4672957,https://www.zalora.co.id/catalog/?q=outfit+pria&page=6
ethan-white-kemeja-pria-polo-ethan-white-lonriu-red-4897068,https://www.zalora.co.id/catalog/?q=outfit+pria&page=5
lombardi-giovanni-key-chain-black-2434203,https://www.zalora.co.id/catalog/?q=outfit+pria&page=15
hush-puppies-kit-logo-tee-5052219,https://www.zalora.co.id/catalog/?q=outfit+pria&page=18
blood-bone-kosmic-muscle-white-white-5019543,https://www.zalora.co.id/catalog/?q=outfit+pria&page=19
vengoz-lake-hawai-printing-shirt-black-3151611,https://www.zalora.co.id/catalog/?q=outfit+pria&page=9
hush-puppies-larus-navy-4974908,https://www.zalora.co.id/catalog/?q=outfit+pria&page=16
cardinal-lewis-black-4703750,https://www.zalora.co.id/catalog/?q=outfit+pria&page=17
lgs-lgs-innerwear-pakaian-dalam-pria-kaos-tank-top-polos-black-3277872,https://www.zalora.co.id/catalog/?q=outfit+pria&page=19
lgs-lgs-lucas-collection-kemeja-casual-pria-regular-fit-katun-lengan-pendek-csh-271-s1097-black-4828601,https://www.zalora.co.id/catalog/?q=outfit+pria&page=18
trendyol-light-blue-basic-standard-size-swimsuit-swim-shorts-tmnss20ds0023-blue-5081938,https://www.zalora.co.id/catalog/?q=outfit+pria&page=16
hamlin-locko-celana-panjang-pria-skinny-jeans-stylish-material-denim-original-gray-grey-3568251,https://www.zalora.co.id/catalog/?q=outfit+pria&page=20
hamlin-locko-long-pants-celana-jogger-training-pria-material-baby-terry-original-gray-grey-3120825,https://www.zalora.co.id/catalog/?q=outfit+pria&page=16
pumabodywear-logo-mid-shorts-red-4272743,https://www.zalora.co.id/catalog/?q=outfit+pria&page=8
2nd-red-long-pants-chinos-slim-fit-forever-black-black-4012815,https://www.zalora.co.id/catalog/?q=outfit+pria&page=14
2nd-red-long-pants-chinos-slim-fit-premium-sc2101-black-2820054,https://www.zalora.co.id/catalog/?q=outfit+pria&page=9
wrangler-long-pants-slim-lrstn-01p23-black-4105952,https://www.zalora.co.id/catalog/?q=outfit+pria&page=7
2nd-red-long-pants-twill-cklt-caramel-122306-brown-4310657,https://www.zalora.co.id/catalog/?q=outfit+pria&page=7
2nd-red-long-pants-twill-dark-grey-122302-grey-4274649,https://www.zalora.co.id/catalog/?q=outfit+pria&page=10
wood-long-sleeve-flanel-checks-shirt-4993964,https://www.zalora.co.id/catalog/?q=outfit+pria&page=12
wood-long-sleeve-melange-checks-shirt-4993725,https://www.zalora.co.id/catalog/?q=outfit+pria&page=8
wood-long-sleeve-micro-stripe-shirt-4993728,https://www.zalora.co.id/catalog/?q=outfit+pria&page=4
executive-long-sleeves-shirt-white-1655092,https://www.zalora.co.id/catalog/?q=outfit+pria&page=11
remedy-luca-kemeja-pendek-pria-katun-organik-cream-organic-cotton-short-sleeves-shirt-men-cream-beige-4562170,https://www.zalora.co.id/catalog/?q=outfit+pria&page=17
remedy-luca-kemeja-pendek-pria-katun-organik-mint-organic-cotton-short-sleeves-shirt-men-mint-green-4442896,https://www.zalora.co.id/catalog/?q=outfit+pria&page=14
x-eight-1-luxe-t-shirts-brown-4841367,https://www.zalora.co.id/catalog/?q=outfit+pria&page=12
maginot-maginot-kemeja-pria-basic-cuban-collar-rayon-pendek-army-4919873,https://www.zalora.co.id/catalog/?q=outfit+pria&page=10
maginot-maginot-oxford-2-0-blue-kemeja-casual-slim-fit-lengan-panjang-blue-3681607,https://www.zalora.co.id/catalog/?q=outfit+pria&page=12
maginot-maginot-oxford-2-0-white-kemeja-casual-slim-fit-lengan-panjang-white-3471223,https://www.zalora.co.id/catalog/?q=outfit+pria&page=17
hush-puppies-mailer-stripe-flatknit-polo-shirt-blue-4771186,https://www.zalora.co.id/catalog/?q=outfit+pria&page=2
hush-puppies-mailer-stripe-flatknit-polo-shirt-pink-4771167,https://www.zalora.co.id/catalog/?q=outfit+pria&page=20
hush-puppies-mailo-green-4667636,https://www.zalora.co.id/catalog/?q=outfit+pria&page=16
manzone-manzone-kaos-lengan-pendek-pria-harits-relaxed-fit-khaky-colour-khaki-beige-5019860,https://www.zalora.co.id/catalog/?q=outfit+pria&page=3
manzone-manzone-kaos-lengan-pendek-pria-id-wiratama-slim-fit-white-colour-white-white-5065623,https://www.zalora.co.id/catalog/?q=outfit+pria&page=12
manzone-manzone-kaos-lengan-pendek-pria-vinley-01-slim-fit-black-colour-black-black-5016090,https://www.zalora.co.id/catalog/?q=outfit+pria&page=13
manzone-manzone-kemeja-batik-lengan-pendek-pria-astagira-modern-fit-black-black-4755327,https://www.zalora.co.id/catalog/?q=outfit+pria&page=11
manzone-manzone-kemeja-batik-lengan-pendek-pria-pandarka-03-modern-fit-grey-grey-4458758,https://www.zalora.co.id/catalog/?q=outfit+pria&page=1
manzone-manzone-kemeja-lengan-pendek-pria-olav-modern-fit-grey-warna-grey-grey-5016095,https://www.zalora.co.id/catalog/?q=outfit+pria&page=15
manzone-manzone-kemeja-lengan-pendek-pria-parker-comfort-fit-navy-blue-navy-4619404,https://www.zalora.co.id/catalog/?q=outfit+pria&page=16
manzone-manzone-polo-shirt-lengan-pendek-pria-grim-3-slim-fit-black-warna-black-black-5111055,https://www.zalora.co.id/catalog/?q=outfit+pria&page=19
manzone-manzone-kemeja-lengan-pendek-pria-rodrick-3-slim-fit-navy-blue-2931501,https://www.zalora.co.id/catalog/?q=outfit+pria&page=19
manzone-manzone-kemeja-lengan-pendek-pria-slim-fit-kobe-white-white-3265110,https://www.zalora.co.id/catalog/?q=outfit+pria&page=10
manzone-manzone-x-merry-riana-kaos-lengan-pendek-pria-faith-relaxed-fit-white-colour-white-white-4956319,https://www.zalora.co.id/catalog/?q=outfit+pria&page=11
pandora-marvel-spider-man-miles-morales-sterling-silver-dangle-with-red-blue-white-and-black-enamel-silver-5095791,https://www.zalora.co.id/catalog/?q=outfit+pria&page=10
pandora-marvel-spider-man-sterling-silver-dangle-with-black-and-transparent-red-enamel-red-5095249,https://www.zalora.co.id/catalog/?q=outfit+pria&page=5
jodyan-maschio-gesper-belt-ikat-pinggang-buckle-black-black-3365406,https://www.zalora.co.id/catalog/?q=outfit+pria&page=13
matsuda-matsuda-kaos-oversize-stripe-tahirt-ritto-navy-4595809,https://www.zalora.co.id/catalog/?q=outfit+pria&page=19
matsuda-matsuda-kaos-polo-shirt-lengan-panjang-pria-kerah-kasuga-white-3830684,https://www.zalora.co.id/catalog/?q=outfit+pria&page=17
matsuda-matsuda-kaos-polo-shirt-pria-kerah-aioi-blue-3145518,https://www.zalora.co.id/catalog/?q=outfit+pria&page=8
matsuda-matsuda-kaos-polo-shirt-pria-kerah-aioi-navy-3145599,https://www.zalora.co.id/catalog/?q=outfit+pria&page=11
matsuda-matsuda-kaos-polo-shirt-pria-kerah-aioi-red-3948395,https://www.zalora.co.id/catalog/?q=outfit+pria&page=20
matsuda-matsuda-kaos-polo-shirt-pria-kerah-chiyoda-navy-3344844,https://www.zalora.co.id/catalog/?q=outfit+pria&page=15
matsuda-matsuda-kaos-polo-shirt-pria-kerah-tomi-blue-4640350,https://www.zalora.co.id/catalog/?q=outfit+pria&page=18
matsuda-matsuda-kaos-polos-waffle-lengan-panjang-cotton-komoro-green-4020999,https://www.zalora.co.id/catalog/?q=outfit+pria&page=4
matsuda-matsuda-kemeja-pria-lengan-pendek-waffle-kasual-sagae-black-4610186,https://www.zalora.co.id/catalog/?q=outfit+pria&page=6
matsuda-matsuda-kemeja-pria-lengan-pendek-waffle-kasual-sagae-green-4610172,https://www.zalora.co.id/catalog/?q=outfit+pria&page=6
matsuda-matsuda-t-shirt-pria-kaos-stripe-hakui-navy-3476811,https://www.zalora.co.id/catalog/?q=outfit+pria&page=16
urban-state-matte-modern-pin-buckle-reversible-top-grain-leather-belt-black-brown-4106640,https://www.zalora.co.id/catalog/?q=outfit+pria&page=19
td-active-mb106-celana-pendek-olahraga-pria-motif-4way-stretch-td-bolt-light-blue-4902998,https://www.zalora.co.id/catalog/?q=outfit+pria&page=17
volcom-mct-lester-short-sleeve-tee-blk-black-4772247,https://www.zalora.co.id/catalog/?q=outfit+pria&page=20
volcom-mct-slinkster-short-sleeve-tee-black-black-4901013,https://www.zalora.co.id/catalog/?q=outfit+pria&page=11
volcom-mct-slinkster-short-sleeve-tee-white-white-4813503,https://www.zalora.co.id/catalog/?q=outfit+pria&page=14
valino-men-s-blue-waffle-short-sleeve-t-shirt-navy-4941106,https://www.zalora.co.id/catalog/?q=outfit+pria&page=4
valino-men-s-navy-long-sleeve-shirt-navy-4833524,https://www.zalora.co.id/catalog/?q=outfit+pria&page=12
arnold-palmer-men-s-pink-polo-shirt-pink-5002997,https://www.zalora.co.id/catalog/?q=outfit+pria&page=8
okechuku-michael-celana-training-pria-celana-slim-fit-pria-celana-olahraga-mint-green-4595516,https://www.zalora.co.id/catalog/?q=outfit+pria&page=8
edwin-jeans-milan-khaky-celana-panjang-jeans-chinos-denim-pria-bottom-man-long-pants-brown-2162061,https://www.zalora.co.id/catalog/?q=outfit+pria&page=2
edwin-jeans-milan-navy-celana-panjang-jeans-chinos-denim-pria-bottom-man-long-pants-navy-2162790,https://www.zalora.co.id/catalog/?q=outfit+pria&page=2
hush-puppies-miller-slide-black-4771517,https://www.zalora.co.id/catalog/?q=outfit+pria&page=19
hush-puppies-mistiq-basic-tee-navy-5060676,https://www.zalora.co.id/catalog/?q=outfit+pria&page=5
moc-moc-kemeja-motif-pria-lengan-pendek-dario-white-white-4763050,https://www.zalora.co.id/catalog/?q=outfit+pria&page=20
moc-moc-celana-panjang-pria-comfort-fit-boxwel-black-black-4088945,https://www.zalora.co.id/catalog/?q=outfit+pria&page=20
moc-moc-kaos-polo-lengan-pendek-pria-leo-grey-grey-4795153,https://www.zalora.co.id/catalog/?q=outfit+pria&page=13
moc-moc-kaos-polo-lengan-pendek-pria-leo-white-white-4643311,https://www.zalora.co.id/catalog/?q=outfit+pria&page=20
moutley-moutley-men-s-casual-boardshort-pants-nylon-sportwear-c020923-green-4341489,https://www.zalora.co.id/catalog/?q=outfit+pria&page=15
volcom-mpl-oswald-wht-white-4447286,https://www.zalora.co.id/catalog/?q=outfit+pria&page=7
volcom-mrg-resonance-stone-short-sleeve-tee-black-black-4980996,https://www.zalora.co.id/catalog/?q=outfit+pria&page=11
td-active-msa20-kaos-olahraga-pria-lengan-pendek-hitam-lycra-instadry-td-shoulder-hitam-4492761,https://www.zalora.co.id/catalog/?q=outfit+pria&page=7
volcom-msf-beyond-the-border-short-sleeve-tee-black-black-4980992,https://www.zalora.co.id/catalog/?q=outfit+pria&page=9
volcom-msf-cement-short-sleeve-tee-black-black-4813506,https://www.zalora.co.id/catalog/?q=outfit+pria&page=5
volcom-msn-recliner-bkd-black-4408746,https://www.zalora.co.id/catalog/?q=outfit+pria&page=8
third-day-mt468h-s-s-men-good-guys-clubxs-2951687,https://www.zalora.co.id/catalog/?q=outfit+pria&page=5
volcom-mws-revel-cargo-20-wms-green-4481713,https://www.zalora.co.id/catalog/?q=outfit+pria&page=5
nade-nade-ntb50-kaos-pria-tangan-pendek-ringan-anti-kusut-nade-japan-weekend-outfit-hitam-black-3601907,https://www.zalora.co.id/catalog/?q=outfit+pria&page=1
edwin-jeans-navagio-bright-white-kaos-pria-lengan-pendek-ss-top-man-graphic-tee-white-3887560,https://www.zalora.co.id/catalog/?q=outfit+pria&page=14
lee-vierra-neowave-morgan-short-sleeve-top-atasan-baju-renang-pria-moonlit-ocean-blue-4361081,https://www.zalora.co.id/catalog/?q=outfit+pria&page=2
edwin-jeans-nichol-olive-celana-cargo-pria-baggy-fit-bottom-man-cargo-pants-green-5052397,https://www.zalora.co.id/catalog/?q=outfit+pria&page=11
edwin-jeans-ninety-jet-black-kaos-pria-lengan-pendek-ss-top-man-graphic-tee-black-4147362,https://www.zalora.co.id/catalog/?q=outfit+pria&page=7
edwin-jeans-no-complaint-green-kaos-pria-lengan-pendek-ss-top-man-graphic-tee-green-4122525,https://www.zalora.co.id/catalog/?q=outfit+pria&page=6
nade-ntc62-kaos-ringan-anti-kusut-stretch-nade-n-hitam-4014644,https://www.zalora.co.id/catalog/?q=outfit+pria&page=12
nade-ntd15-kaos-ringan-stretch-anti-kusut-cepat-kering-earth-dakir-navy-4189842,https://www.zalora.co.id/catalog/?q=outfit+pria&page=9
obermain-ob-half-sock-quarter-length-socks-multi-4645251,https://www.zalora.co.id/catalog/?q=outfit+pria&page=4
obermain-ob-half-sock-quarter-length-socks-multi-4645265,https://www.zalora.co.id/catalog/?q=outfit+pria&page=9
obermain-ob-liner-sock-ankle-length-socks-multi-4645256,https://www.zalora.co.id/catalog/?q=outfit+pria&page=12
obermain-ob-regular-sock-long-length-socks-multi-4645258,https://www.zalora.co.id/catalog/?q=outfit+pria&page=17
hamlin-ocean-dasi-pria-garis-man-neckwear-aksesoris-fashion-material-polyester-original-black-black-2824989,https://www.zalora.co.id/catalog/?q=outfit+pria&page=1
okechuku-okechuku-erick-celana-joger-pria-celana-jogger-pria-jogger-pants-celana-training-olahraga-3158048,https://www.zalora.co.id/catalog/?q=outfit+pria&page=5
okechuku-okechuku-farel-celana-pendek-pria-celana-pendek-santai-celana-pria-3158080,https://www.zalora.co.id/catalog/?q=outfit+pria&page=15
okechuku-okechuku-ilham-celana-pria-celana-ankle-pria-cargo-joger-slimfit-jogger-pria-slim-fit-3158307,https://www.zalora.co.id/catalog/?q=outfit+pria&page=20
okechuku-okechuku-kenedy-size-m-xxl-celana-pria-celana-pendek-pria-celana-santai-pria-celana-pendek-cowok-3158309,https://www.zalora.co.id/catalog/?q=outfit+pria&page=15
okechuku-okechuku-kenedy-size-m-xxl-celana-pria-celana-pendek-pria-celana-santai-pria-celana-pendek-cowok-3158310,https://www.zalora.co.id/catalog/?q=outfit+pria&page=2
okechuku-okechuku-king-celana-panjang-cargo-pria-loose-fit-baggy-pants-streetwear-techwear-3159045,https://www.zalora.co.id/catalog/?q=outfit+pria&page=16
okechuku-okechuku-kurt-celana-joger-training-olahraga-jogger-panjang-pria-fashion-sporty-promo-murah-grey-3158014,https://www.zalora.co.id/catalog/?q=outfit+pria&page=18
x-eight-1-omero-t-shirts-white-4841369,https://www.zalora.co.id/catalog/?q=outfit+pria&page=7
ootdsupply-ootdsupply-longsleeve-boxy-slava-peace-club-maroon-l-atasan-boxy-panjang-unisex-kaos-lengan-panjang-pria-dan-wanita-ls-bx-sla001-red-5047755,https://www.zalora.co.id/catalog/?q=outfit+pria&page=15
ootdsupply-ootdsupply-oversized-tshirt-just-me-black-i-kaos-oversize-black-3500478,https://www.zalora.co.id/catalog/?q=outfit+pria&page=19
hush-puppies-ortheym-contrast-collar-polo-white-5029003,https://www.zalora.co.id/catalog/?q=outfit+pria&page=5
ossu-ossu-joy-divison-unknown-pleasure-tshirt-black-3695758,https://www.zalora.co.id/catalog/?q=outfit+pria&page=13
ossu-ossu-pink-floyd-tour-band-tshirt-black-3695740,https://www.zalora.co.id/catalog/?q=outfit+pria&page=9
oxcon-oxcon-easy-shirts-kemeja-tangan-pendek-army-green-4950218,https://www.zalora.co.id/catalog/?q=outfit+pria&page=13
oxcon-oxcon-easy-shirts-kemeja-tangan-pendek-black-black-4950214,https://www.zalora.co.id/catalog/?q=outfit+pria&page=2
oxcon-oxcon-easy-shirts-kemeja-tangan-pendek-blue-grey-blue-4950216,https://www.zalora.co.id/catalog/?q=outfit+pria&page=11
oxcon-oxcon-easy-shirts-kemeja-tangan-pendek-cream-beige-4950219,https://www.zalora.co.id/catalog/?q=outfit+pria&page=18
oxcon-oxcon-easy-shirts-kemeja-tangan-pendek-light-grey-grey-4950217,https://www.zalora.co.id/catalog/?q=outfit+pria&page=5
oxcon-oxcon-easy-shirts-kemeja-tangan-pendek-mocca-beige-brown-4950220,https://www.zalora.co.id/catalog/?q=outfit+pria&page=19
oxcon-oxcon-easy-shirts-kemeja-tangan-pendek-white-white-4950213,https://www.zalora.co.id/catalog/?q=outfit+pria&page=7
oxcon-oxcon-kemeja-oxford-pria-pendek-metro-series-navy-blue-blue-navy-5105915,https://www.zalora.co.id/catalog/?q=outfit+pria&page=10
oxcon-oxcon-short-sleeve-business-shirt-soft-cotton-navy-blue-navy-4338709,https://www.zalora.co.id/catalog/?q=outfit+pria&page=8
oxcon-oxcon-vintage-melange-flannel-authentic-extra-comfort-long-sleeve-shirt-beige-bronze-brown-multi-4616491,https://www.zalora.co.id/catalog/?q=outfit+pria&page=11
oxcon-oxconshort-pants-cargo-4-waystretch-nylon-cotton-leaf-green-green-4350081,https://www.zalora.co.id/catalog/?q=outfit+pria&page=15
cardinal-ozak-3-navy-4385041,https://www.zalora.co.id/catalog/?q=outfit+pria&page=11
paulmay-paulmay-kemeja-pria-reguler-fit-white-shirt-white-3063624,https://www.zalora.co.id/catalog/?q=outfit+pria&page=18
paulmay-paulmay-louis-formal-shoes-black-2093193,https://www.zalora.co.id/catalog/?q=outfit+pria&page=16
paulmay-paulmay-sandal-slide-unisex-slippers-logos-black-black-4221928,https://www.zalora.co.id/catalog/?q=outfit+pria&page=18
pierre-cardin-underwear-pc5222-1-singlet-satuan-black-5089217,https://www.zalora.co.id/catalog/?q=outfit+pria&page=10
hush-puppies-pl-fuzzy-beige-5074665,https://www.zalora.co.id/catalog/?q=outfit+pria&page=2
planet-surf-clothing-planet-surf-clothing-kemeja-lengan-pendek-pria-setzen-man-shirt-new-planet-surf-black-4163908,https://www.zalora.co.id/catalog/?q=outfit+pria&page=12
platini-platini-baju-kemeja-polos-basic-pria-pendek-polinosic-hitam-63100-black-3234559,https://www.zalora.co.id/catalog/?q=outfit+pria&page=3
platini-platini-baju-kemeja-pria-lengan-panjang-polos-polinosic-hitam-66100-3230203,https://www.zalora.co.id/catalog/?q=outfit+pria&page=18
platini-platini-celana-pendek-chino-katun-brown-5370-39-brown-4709514,https://www.zalora.co.id/catalog/?q=outfit+pria&page=6
platini-platini-celana-pendek-chino-katun-cream-5370-12-beige-4762455,https://www.zalora.co.id/catalog/?q=outfit+pria&page=9
platini-platini-celana-pendek-chino-katun-dark-grey-5370-51-grey-4783633,https://www.zalora.co.id/catalog/?q=outfit+pria&page=7
platini-platini-celana-pria-chino-panjang-abu-tua-stretch-588035-grey-4301012,https://www.zalora.co.id/catalog/?q=outfit+pria&page=17
platini-platini-celana-pria-chino-panjang-cream-588047-brown-5025806,https://www.zalora.co.id/catalog/?q=outfit+pria&page=9
platini-platini-celana-pria-chino-panjang-hitam-stretch-588031-black-4300976,https://www.zalora.co.id/catalog/?q=outfit+pria&page=4
platini-platini-celana-pria-chino-panjang-krem-stretch-588032-brown-4301010,https://www.zalora.co.id/catalog/?q=outfit+pria&page=6
platini-platini-celana-pria-chino-panjang-olive-588037-green-4375226,https://www.zalora.co.id/catalog/?q=outfit+pria&page=4
platini-platini-kemeja-hawai-pria-lengan-pendek-abu-132106-3156571,https://www.zalora.co.id/catalog/?q=outfit+pria&page=10
platini-platini-kemeja-hawai-pria-lengan-pendek-coklat-132106-3156570,https://www.zalora.co.id/catalog/?q=outfit+pria&page=17
platini-platini-kemeja-motif-kotak-pria-lengan-pendek-katun-navy-73445-navy-4324693,https://www.zalora.co.id/catalog/?q=outfit+pria&page=3
platini-platini-kemeja-motif-kotak-pria-lengan-pendek-katun-red-71008-red-4783620,https://www.zalora.co.id/catalog/?q=outfit+pria&page=11
platini-platini-kemeja-motif-pria-lengan-pendek-katun-73261-multi-3290305,https://www.zalora.co.id/catalog/?q=outfit+pria&page=10
platini-platini-kemeja-motif-pria-lengan-pendek-katun-73261-biru-blue-3703796,https://www.zalora.co.id/catalog/?q=outfit+pria&page=13
platini-platini-kemeja-motif-salur-pria-lengan-pendek-katun-biru-73341-02-blue-4298726,https://www.zalora.co.id/catalog/?q=outfit+pria&page=20
platini-platini-kemeja-motif-salur-pria-lengan-pendek-katun-oxford-abu-73272-grey-3360474,https://www.zalora.co.id/catalog/?q=outfit+pria&page=13
platini-platini-kemeja-motif-salur-pria-lengan-pendek-katun-oxford-biru-73272-blue-3360475,https://www.zalora.co.id/catalog/?q=outfit+pria&page=13
platini-platini-kemeja-motif-salur-pria-lengan-pendek-katun-oxford-biru-muda-73341-21-blue-5084512,https://www.zalora.co.id/catalog/?q=outfit+pria&page=3
platini-platini-kemeja-pria-flanel-panjang-coklat-76370-brown-4072660,https://www.zalora.co.id/catalog/?q=outfit+pria&page=10
platini-platini-kemeja-pria-lengan-pendek-basic-katun-oxford-hijau-army-63210-green-3342106,https://www.zalora.co.id/catalog/?q=outfit+pria&page=19
platini-platini-kemeja-pria-lengan-pendek-basic-katun-oxford-navy-63212-3195930,https://www.zalora.co.id/catalog/?q=outfit+pria&page=6
platini-platini-kemeja-pria-motif-kotak-lengan-panjang-76606-blue-5111136,https://www.zalora.co.id/catalog/?q=outfit+pria&page=13
platini-platini-kemeja-pria-polos-lengan-panjang-katun-oxford-hijau-sage-11069-green-4233939,https://www.zalora.co.id/catalog/?q=outfit+pria&page=6
platini-platini-kemeja-pria-polos-lengan-panjang-katun-oxford-maroon-11069-red-4636376,https://www.zalora.co.id/catalog/?q=outfit+pria&page=17
platini-platini-kemeja-pria-polos-lengan-panjang-polinosic-twill-hitam-66243-black-3290304,https://www.zalora.co.id/catalog/?q=outfit+pria&page=9
platini-platini-kemeja-pria-polos-lengan-panjang-polinosic-twill-putih-66243-white-3290303,https://www.zalora.co.id/catalog/?q=outfit+pria&page=13
platini-platini-kemeja-pria-polos-lengan-panjang-polyester-high-twist-putih-66121-3184203,https://www.zalora.co.id/catalog/?q=outfit+pria&page=8
platini-platini-kemeja-pria-polos-lengan-pendek-katun-oxford-abu-1069-grey-3642576,https://www.zalora.co.id/catalog/?q=outfit+pria&page=14
platini-platini-kemeja-pria-polos-lengan-pendek-katun-oxford-coklat-tua-1069-brown-3559555,https://www.zalora.co.id/catalog/?q=outfit+pria&page=6
platini-platini-kemeja-pria-polos-lengan-pendek-katun-oxford-putih-1069-white-3901097,https://www.zalora.co.id/catalog/?q=outfit+pria&page=18
platini-platini-kemeja-pria-polos-lengan-pendek-katun-oxford-salem-1069-pink-3710747,https://www.zalora.co.id/catalog/?q=outfit+pria&page=13
platini-platini-kemeja-pria-polos-lengan-pendek-polinosic-twill-hitam-63243-black-3290299,https://www.zalora.co.id/catalog/?q=outfit+pria&page=7
platini-platini-kemeja-pria-polos-lengan-pendek-polinosic-twill-putih-63243-white-3290301,https://www.zalora.co.id/catalog/?q=outfit+pria&page=20
platini-platini-kemeja-pria-polos-oxford-pendek-kuning-1069-3230196,https://www.zalora.co.id/catalog/?q=outfit+pria&page=13
platini-platini-kemeja-pria-polos-pendek-katun-oxford-hijau-botol-1069-green-4072659,https://www.zalora.co.id/catalog/?q=outfit+pria&page=12
platini-platini-kemeja-putih-pria-lengan-pendek-basic-katun-oxford-63200-3193246,https://www.zalora.co.id/catalog/?q=outfit+pria&page=9
police-denim-police-kemeja-abstrak-printing-cotton-soft-coklat-regular-fit-pria-brown-4820129,https://www.zalora.co.id/catalog/?q=outfit+pria&page=16
police-denim-police-kemeja-abstrak-printing-cotton-soft-putih-hijau-regular-fit-pria-green-4830829,https://www.zalora.co.id/catalog/?q=outfit+pria&page=15
police-denim-police-kemeja-cotton-kantong-dua-regular-fit-pria-black-4893590,https://www.zalora.co.id/catalog/?q=outfit+pria&page=2
police-denim-police-kemeja-cotton-kantong-dua-regular-fit-pria-red-4893589,https://www.zalora.co.id/catalog/?q=outfit+pria&page=9
police-denim-police-kemeja-polos-basic-cotton-soft-choco-brown-regular-fit-lengan-panjang-pria-brown-4549364,https://www.zalora.co.id/catalog/?q=outfit+pria&page=18
police-denim-police-kemeja-polos-basic-cotton-soft-grey-regular-fit-pria-grey-4510111,https://www.zalora.co.id/catalog/?q=outfit+pria&page=14
police-denim-police-kemeja-polos-basic-cotton-soft-grey-regular-fit-pria-grey-4552442,https://www.zalora.co.id/catalog/?q=outfit+pria&page=15
police-denim-police-kemeja-polos-basic-cotton-soft-regular-fit-lengan-pendek-pria-brown-4952449,https://www.zalora.co.id/catalog/?q=outfit+pria&page=10
police-denim-police-kemeja-polos-basic-cotton-soft-regular-fit-lengan-pendek-pria-brown-4952488,https://www.zalora.co.id/catalog/?q=outfit+pria&page=10
police-denim-police-kemeja-polos-basic-cotton-soft-white-regular-fit-pria-white-4510109,https://www.zalora.co.id/catalog/?q=outfit+pria&page=8
police-denim-police-kemeja-polos-cotton-biru-tua-regular-fit-pria-blue-4744205,https://www.zalora.co.id/catalog/?q=outfit+pria&page=12
police-denim-police-kemeja-polos-cotton-cream-regular-fit-pria-brown-4663072,https://www.zalora.co.id/catalog/?q=outfit+pria&page=18
police-denim-police-kemeja-polos-cotton-kantong-dua-regular-fit-pria-green-4910391,https://www.zalora.co.id/catalog/?q=outfit+pria&page=8
police-denim-police-kemeja-polos-cotton-regular-fit-pria-navy-4893587,https://www.zalora.co.id/catalog/?q=outfit+pria&page=1
police-denim-police-kemeja-polos-cotton-slim-fit-pria-grey-4935254,https://www.zalora.co.id/catalog/?q=outfit+pria&page=14
police-denim-police-kemeja-polos-cotton-twill-regular-fit-hijau-tua-pria-green-4059849,https://www.zalora.co.id/catalog/?q=outfit+pria&page=7
police-denim-police-kemeja-polos-cotton-twill-regular-fit-khaky-pria-brown-4059843,https://www.zalora.co.id/catalog/?q=outfit+pria&page=3
police-denim-police-kemeja-polos-oxford-slub-navy-regular-fit-pria-navy-4030853,https://www.zalora.co.id/catalog/?q=outfit+pria&page=3
police-denim-police-kemeja-polos-oxford-slub-regular-fit-pria-abu-grey-4032526,https://www.zalora.co.id/catalog/?q=outfit+pria&page=4
police-denim-police-kemeja-polos-relaxfit-cotton-slub-abu-pria-grey-3980461,https://www.zalora.co.id/catalog/?q=outfit+pria&page=5
police-denim-police-kemeja-polos-relaxfit-cotton-slub-maroon-pria-red-3980462,https://www.zalora.co.id/catalog/?q=outfit+pria&page=7
police-denim-police-kemeja-printing-cotton-soft-abu-regular-fit-pria-grey-4830827,https://www.zalora.co.id/catalog/?q=outfit+pria&page=18
police-denim-police-kemeja-printing-cotton-soft-regular-fit-pria-green-4893570,https://www.zalora.co.id/catalog/?q=outfit+pria&page=14
police-denim-police-kemeja-printing-cotton-soft-regular-fit-pria-grey-4893568,https://www.zalora.co.id/catalog/?q=outfit+pria&page=11
police-denim-police-kemeja-printing-cotton-soft-regular-fit-pria-grey-4893569,https://www.zalora.co.id/catalog/?q=outfit+pria&page=2
police-denim-police-kemeja-printing-cotton-tencel-regular-fit-pria-brown-4893581,https://www.zalora.co.id/catalog/?q=outfit+pria&page=10
police-denim-police-kemeja-printing-cotton-tencel-regular-fit-pria-white-4893576,https://www.zalora.co.id/catalog/?q=outfit+pria&page=19
police-denim-police-kemeja-salur-printing-regular-fit-pria-blue-4973166,https://www.zalora.co.id/catalog/?q=outfit+pria&page=16
police-denim-police-polo-shirt-krah-polos-pria-207200171-black-4271568,https://www.zalora.co.id/catalog/?q=outfit+pria&page=19
police-denim-police-polo-shirt-krah-polos-pria-207200201-blue-4094393,https://www.zalora.co.id/catalog/?q=outfit+pria&page=11
police-denim-police-t-shirt-cotton-combed-big-size-pria-2078280141-grey-4001769,https://www.zalora.co.id/catalog/?q=outfit+pria&page=8
police-denim-police-t-shirt-cotton-combed-big-size-pria-2078280281-black-4052798,https://www.zalora.co.id/catalog/?q=outfit+pria&page=13
police-denim-police-t-shirt-cotton-combed-oversized-pria-2079180181-green-4076017,https://www.zalora.co.id/catalog/?q=outfit+pria&page=18
police-denim-police-t-shirt-salur-bordir-cotton-premium-pria-black-4996590,https://www.zalora.co.id/catalog/?q=outfit+pria&page=20
police-denim-police-t-shirt-salur-bordir-cotton-premium-pria-226330201-black-4315980,https://www.zalora.co.id/catalog/?q=outfit+pria&page=19
police-denim-police-t-shirt-salur-cotton-pria-207160631-grey-4095422,https://www.zalora.co.id/catalog/?q=outfit+pria&page=8
polo-design-polo-design-backpack-60430-black-black-4784189,https://www.zalora.co.id/catalog/?q=outfit+pria&page=20
ethan-white-polo-lengan-pendek-ethan-white-printed-shoal-red-nylon-blend-casual-4699958,https://www.zalora.co.id/catalog/?q=outfit+pria&page=3
jim-joker-prim-2fr-shoes-black-4250348,https://www.zalora.co.id/catalog/?q=outfit+pria&page=11
trendyol-printed-swim-shorts-blue-4475923,https://www.zalora.co.id/catalog/?q=outfit+pria&page=8
marks-spencer-pure-cotton-houndstooth-polo-shirt-multi-5079957,https://www.zalora.co.id/catalog/?q=outfit+pria&page=9
marks-spencer-pure-cotton-houndstooth-polo-shirt-navy-5079898,https://www.zalora.co.id/catalog/?q=outfit+pria&page=5
marks-spencer-pure-cotton-spider-man-jumper-red-4801925,https://www.zalora.co.id/catalog/?q=outfit+pria&page=13
x-eight-1-rade-t-shirts-multi-4872340,https://www.zalora.co.id/catalog/?q=outfit+pria&page=1
hush-puppies-rayo-oversized-tee-white-4490200,https://www.zalora.co.id/catalog/?q=outfit+pria&page=2
rbj-rbj-kemeja-border-printing-putih-regular-fit-pria-white-4192427,https://www.zalora.co.id/catalog/?q=outfit+pria&page=17
rbj-rbj-kemeja-polos-twill-rayon-krah-hawaii-abu-tua-regular-fit-pria-grey-4001779,https://www.zalora.co.id/catalog/?q=outfit+pria&page=19
rbj-rbj-kemeja-salur-yarndyed-krah-hawaii-biru-muda-regular-fit-pria-blue-4000387,https://www.zalora.co.id/catalog/?q=outfit+pria&page=19
rbj-rbj-t-shirt-cotton-combed-oversized-pria-2079250251-white-4055444,https://www.zalora.co.id/catalog/?q=outfit+pria&page=20
rbj-rbj-t-shirt-cotton-combed-pria-207250091-black-4011076,https://www.zalora.co.id/catalog/?q=outfit+pria&page=11
rbj-rbj-t-shirt-cotton-combed-pria-207250101-green-3994698,https://www.zalora.co.id/catalog/?q=outfit+pria&page=13
rbj-rbj-t-shirt-cotton-combed-pria-2073170081-black-4210231,https://www.zalora.co.id/catalog/?q=outfit+pria&page=18
rbj-rbj-t-shirt-cotton-combed-pria-222150011-black-4095161,https://www.zalora.co.id/catalog/?q=outfit+pria&page=3
rbj-rbj-t-shirt-cotton-lengan-panjang-pria-43036-black-4892300,https://www.zalora.co.id/catalog/?q=outfit+pria&page=3
rbj-rbj-t-shirt-cotton-lengan-panjang-pria-43036-grey-4892301,https://www.zalora.co.id/catalog/?q=outfit+pria&page=18
rbj-rbj-t-shirt-cotton-lengan-panjang-pria-43038-brown-4794660,https://www.zalora.co.id/catalog/?q=outfit+pria&page=15
rbj-rbj-t-shirt-cotton-oversized-pria-2079131671-black-4072216,https://www.zalora.co.id/catalog/?q=outfit+pria&page=20
rbj-rbj-t-shirt-cotton-pria-207430011-white-4662034,https://www.zalora.co.id/catalog/?q=outfit+pria&page=20
rbj-rbj-t-shirt-cotton-pria-207430051-black-4662040,https://www.zalora.co.id/catalog/?q=outfit+pria&page=5
rbj-rbj-t-shirt-cotton-pria-207430241-grey-4717706,https://www.zalora.co.id/catalog/?q=outfit+pria&page=9
rbj-rbj-t-shirt-cotton-pria-43016-black-4741650,https://www.zalora.co.id/catalog/?q=outfit+pria&page=16
rbj-rbj-t-shirt-cotton-pria-43054-black-4892307,https://www.zalora.co.id/catalog/?q=outfit+pria&page=17
rbj-rbj-t-shirt-cotton-pria-43054-red-4892320,https://www.zalora.co.id/catalog/?q=outfit+pria&page=9
marks-spencer-regular-fit-cotton-linen-blend-chino-shorts-navy-5079928,https://www.zalora.co.id/catalog/?q=outfit+pria&page=6
marks-spencer-regular-fit-cotton-rich-ultimate-chino-multi-4112625,https://www.zalora.co.id/catalog/?q=outfit+pria&page=20
wood-regular-fit-short-sleeve-oxford-shirt-5089169,https://www.zalora.co.id/catalog/?q=outfit+pria&page=7
wood-regular-fit-short-sleeve-oxford-shirt-beige-5088401,https://www.zalora.co.id/catalog/?q=outfit+pria&page=5
wood-regular-fit-short-sleeve-oxford-shirt-grey-5089163,https://www.zalora.co.id/catalog/?q=outfit+pria&page=17
marks-spencer-regular-fit-stretch-chino-shorts-beige-5011435,https://www.zalora.co.id/catalog/?q=outfit+pria&page=14
wood-regular-fit-tapered-chinos-navy-4737081,https://www.zalora.co.id/catalog/?q=outfit+pria&page=19
wood-relaxed-fit-short-sleeve-stripes-shirt-5088400,https://www.zalora.co.id/catalog/?q=outfit+pria&page=17
wood-relaxed-fit-short-sleeve-stripes-shirt-beige-5089172,https://www.zalora.co.id/catalog/?q=outfit+pria&page=20
hush-puppies-roget-black-5052224,https://www.zalora.co.id/catalog/?q=outfit+pria&page=12
ryusei-ryusei-celana-baggy-pria-hayashi-ken-black-black-4629371,https://www.zalora.co.id/catalog/?q=outfit+pria&page=3
ryusei-ryusei-kaos-pria-fujiyama-light-brown-brown-4893715,https://www.zalora.co.id/catalog/?q=outfit+pria&page=10
ryusei-ryusei-kaos-pria-hakata-cmb-dusty-green-green-4901516,https://www.zalora.co.id/catalog/?q=outfit+pria&page=11
ryusei-ryusei-kaos-pria-kitagawa-stripe-pine-grove-green-5039372,https://www.zalora.co.id/catalog/?q=outfit+pria&page=20
ryusei-ryusei-kaos-pria-kitagawa-stripe-white-white-4769990,https://www.zalora.co.id/catalog/?q=outfit+pria&page=20
ryusei-ryusei-kaos-pria-masahiro-basic-black-black-5126146,https://www.zalora.co.id/catalog/?q=outfit+pria&page=1
ryusei-ryusei-kaos-pria-masahiro-basic-white-white-5126084,https://www.zalora.co.id/catalog/?q=outfit+pria&page=4
ryusei-ryusei-kaos-pria-mystic-white-white-5036131,https://www.zalora.co.id/catalog/?q=outfit+pria&page=19
ryusei-ryusei-kaos-pria-turtleneck-nandito-ran-black-black-5126116,https://www.zalora.co.id/catalog/?q=outfit+pria&page=18
ryusei-ryusei-kaos-pria-wakasa-cmb-red-red-5051009,https://www.zalora.co.id/catalog/?q=outfit+pria&page=15
obermain-sailor-nautical-embro-pullover-navy-4621934,https://www.zalora.co.id/catalog/?q=outfit+pria&page=12
foot-step-sandal-jepit-pria-footstep-footwear-octa-black-black-3756229,https://www.zalora.co.id/catalog/?q=outfit+pria&page=12
cogen-sandal-pria-cogen-kafi-series-americano-black-3179722,https://www.zalora.co.id/catalog/?q=outfit+pria&page=17
lurad-sepatu-sporty-hijau-pria-man-shoes-sneakers-cowok-qn6623-green-4740751,https://www.zalora.co.id/catalog/?q=outfit+pria&page=8
okechuku-shams-outfit-idul-fitri-outfit-lebaran-baju-lebaran-busana-muslim-pria-fashion-muslim-pria-hitam-black-5278175,https://www.zalora.co.id/catalog/?q=outfit+pria&page=7
wrangler-shirt-short-sleeve-cain-06p25-green-4989537,https://www.zalora.co.id/catalog/?q=outfit+pria&page=12
wrangler-shirt-short-sleeve-cain-07p25-blue-4989536,https://www.zalora.co.id/catalog/?q=outfit+pria&page=12
flexzone-shoes-bag-black-black-4934757,https://www.zalora.co.id/catalog/?q=outfit+pria&page=5
wood-short-sleeve-micro-check-shirt-4993958,https://www.zalora.co.id/catalog/?q=outfit+pria&page=8
wood-short-sleeve-signature-t-shirt-black-4803302,https://www.zalora.co.id/catalog/?q=outfit+pria&page=20
wood-short-sleeve-vertical-knit-polo-shirt-bronze-5089171,https://www.zalora.co.id/catalog/?q=outfit+pria&page=6
wood-short-sleeve-vertical-knit-polo-shirt-grey-5089173,https://www.zalora.co.id/catalog/?q=outfit+pria&page=4
marks-spencer-skinny-fit-stretch-chinos-multi-4743903,https://www.zalora.co.id/catalog/?q=outfit+pria&page=10
2nd-red-slim-fit-jeans-dared-black-132508-black-5064162,https://www.zalora.co.id/catalog/?q=outfit+pria&page=15
2nd-red-slim-fit-jeans-dared-black-132509-black-5064163,https://www.zalora.co.id/catalog/?q=outfit+pria&page=10
wood-slim-fit-short-sleeve-logo-t-shirt-5089161,https://www.zalora.co.id/catalog/?q=outfit+pria&page=12
marks-spencer-slim-fit-stretch-chinos-multi-5079884,https://www.zalora.co.id/catalog/?q=outfit+pria&page=5
marks-spencer-slim-fit-stretch-ponte-chinos-grey-4781942,https://www.zalora.co.id/catalog/?q=outfit+pria&page=19
wood-slim-straight-ankle-chinos-pants-black-4446476,https://www.zalora.co.id/catalog/?q=outfit+pria&page=15
wood-slim-straight-ankle-chinos-pants-brown-4446472,https://www.zalora.co.id/catalog/?q=outfit+pria&page=9
wood-slim-tapered-pants-with-utility-pocket-black-4920743,https://www.zalora.co.id/catalog/?q=outfit+pria&page=4
wood-slim-tapered-pants-with-utility-pocket-green-4920751,https://www.zalora.co.id/catalog/?q=outfit+pria&page=8
biden-watch-smart-watch-original-jam-tangan-touch-screen-sport-and-health-monitor-jam-pintar-hitam-black-4192735,https://www.zalora.co.id/catalog/?q=outfit+pria&page=11
simbojoy-smartband-c82-smartwatch-multi-sport-layar-terang-1-47-bluetooth-fitness-tracker-jam-pintar-black-black-4755388,https://www.zalora.co.id/catalog/?q=outfit+pria&page=6
simbojoy-smartwatch-zl54c-jam-pintar-full-touch-screen-1-83inci-olahraga-bt-call-jam-tangan-wanita-pria-black-black-4506322,https://www.zalora.co.id/catalog/?q=outfit+pria&page=19
simbojoy-smartwatch-zl54c-jam-pintar-full-touch-screen-1-83inci-olahraga-bt-call-jam-tangan-wanita-pria-black-dengan-tali-jam-gratis-black-4594818,https://www.zalora.co.id/catalog/?q=outfit+pria&page=16
hush-puppies-snoob-multi-4974939,https://www.zalora.co.id/catalog/?q=outfit+pria&page=20
x-eight-1-sohil-t-shirts-multi-4875531,https://www.zalora.co.id/catalog/?q=outfit+pria&page=14
marks-spencer-spider-man-swim-shorts-red-4848939,https://www.zalora.co.id/catalog/?q=outfit+pria&page=2
flexzone-sport-shorts-superlight-series-black-black-4878947,https://www.zalora.co.id/catalog/?q=outfit+pria&page=3
hush-puppies-springdale-long-sleeve-shirt-4417431,https://www.zalora.co.id/catalog/?q=outfit+pria&page=16
obermain-ss-crew-black-3978045,https://www.zalora.co.id/catalog/?q=outfit+pria&page=8
obermain-ss-crew-white-3978049,https://www.zalora.co.id/catalog/?q=outfit+pria&page=12
hamlin-stranger-dasi-pria-polos-plain-tie-man-neckwear-aksesoris-fashion-material-polyester-original-silver-2826055,https://www.zalora.co.id/catalog/?q=outfit+pria&page=12
hamlin-stranger-dasi-pria-polos-plain-tie-man-neckwear-aksesoris-fashion-material-polyester-original-navy-navy-2832272,https://www.zalora.co.id/catalog/?q=outfit+pria&page=2
marks-spencer-stretch-chino-shorts-multi-4283845,https://www.zalora.co.id/catalog/?q=outfit+pria&page=20
vengoz-super-white-oxford-ss-shirt-white-3993298,https://www.zalora.co.id/catalog/?q=outfit+pria&page=17
hm-t-shirt-white-4945733,https://www.zalora.co.id/catalog/?q=outfit+pria&page=14
remix-jeans-t-shirt-lengan-panjang-dengan-hoodie-2047j01-black-4392536,https://www.zalora.co.id/catalog/?q=outfit+pria&page=16
remix-jeans-t-shirt-mans-tangan-pendek-e251p05-beige-4205422,https://www.zalora.co.id/catalog/?q=outfit+pria&page=6
remix-jeans-t-shirt-mans-tangan-pendek-e251p08-white-4205426,https://www.zalora.co.id/catalog/?q=outfit+pria&page=7
wrangler-t-shirt-regular-edmun-43p23-white-3952726,https://www.zalora.co.id/catalog/?q=outfit+pria&page=9
wrangler-t-shirt-short-sleeve-regular-edmun-s-s-22a25-black-5063384,https://www.zalora.co.id/catalog/?q=outfit+pria&page=16
3second-t-shrit-short-sleeve-ultra-absorb-logo-boat-c370723-blue-4173796,https://www.zalora.co.id/catalog/?q=outfit+pria&page=17
flexzone-tanktop-unfinished-sleeveless-essential-series-army-green-navy-4719573,https://www.zalora.co.id/catalog/?q=outfit+pria&page=13
hush-puppies-textura-waffele-tshirt-black-5052217,https://www.zalora.co.id/catalog/?q=outfit+pria&page=8
hush-puppies-thanos-blue-4317408,https://www.zalora.co.id/catalog/?q=outfit+pria&page=11
edwin-jeans-thayer-chinos-dark-grey-celana-panjang-bottoms-man-reguler-fit-grey-4147365,https://www.zalora.co.id/catalog/?q=outfit+pria&page=8
edwin-jeans-thayer-chinos-dark-navy-celana-panjang-bottoms-man-reguler-fit-navy-4147368,https://www.zalora.co.id/catalog/?q=outfit+pria&page=4
edwin-jeans-thayer-chinos-jet-black-celana-panjang-bottoms-man-reguler-fit-black-5127686,https://www.zalora.co.id/catalog/?q=outfit+pria&page=2
hush-puppies-thiago-slim-fit-denim-pants-blue-4761321,https://www.zalora.co.id/catalog/?q=outfit+pria&page=19
tiento-tiento-kaos-dry-fit-men-army-baju-olahraga-lari-pria-green-3456703,https://www.zalora.co.id/catalog/?q=outfit+pria&page=17
tiento-tiento-kaos-dry-fit-men-black-baju-olahraga-lari-pria-black-3365368,https://www.zalora.co.id/catalog/?q=outfit+pria&page=12
tiento-tiento-kaos-dry-fit-men-grey-baju-olahraga-lari-pria-grey-3365359,https://www.zalora.co.id/catalog/?q=outfit+pria&page=7
tiento-tiento-kaos-dry-fit-men-lightgrey-baju-olahraga-lari-pria-silver-5099648,https://www.zalora.co.id/catalog/?q=outfit+pria&page=14
tiento-tiento-kaos-dry-fit-men-maroon-baju-olahraga-lari-pria-3365360,https://www.zalora.co.id/catalog/?q=outfit+pria&page=7
tiento-tiento-kaos-dry-fit-men-navy-baju-olahraga-lari-pria-navy-3365362,https://www.zalora.co.id/catalog/?q=outfit+pria&page=16
tiento-tiento-kaos-dry-fit-men-sage-baju-olahraga-lari-pria-4667134,https://www.zalora.co.id/catalog/?q=outfit+pria&page=9
tiento-tiento-kaos-dry-fit-men-white-baju-olahraga-lari-pria-white-3365367,https://www.zalora.co.id/catalog/?q=outfit+pria&page=20
tiento-tiento-man-baselayer-baju-ketat-manset-olahraga-pria-long-sleeve-black-white-rashguard-sport-original-black-1027449,https://www.zalora.co.id/catalog/?q=outfit+pria&page=1
tiento-tiento-short-pants-running-celana-pendek-olahraga-lari-black-4956390,https://www.zalora.co.id/catalog/?q=outfit+pria&page=5
tiento-tiento-short-pants-sporty-exo-series-navy-celana-pendek-fitness-olahraga-gym-lari-navy-navy-3896875,https://www.zalora.co.id/catalog/?q=outfit+pria&page=6
tiento-tiento-singlet-running-baju-sleeve-less-kaos-dry-fit-olahraga-lari-pria-xcel-series-white-4336340,https://www.zalora.co.id/catalog/?q=outfit+pria&page=18
tirajeans-tirajeans-jeans-slim-7-mldisea224l065-dark-grey-grey-4915605,https://www.zalora.co.id/catalog/?q=outfit+pria&page=14
tootal-tootal-hidden-socks-3-prs-black-4230991,https://www.zalora.co.id/catalog/?q=outfit+pria&page=20
gloaming-trackpants-parasut-cargo-unisex-black-black-4508984,https://www.zalora.co.id/catalog/?q=outfit+pria&page=13
wood-utility-pocket-chinos-pants-5036630,https://www.zalora.co.id/catalog/?q=outfit+pria&page=20
wood-utility-pocket-chinos-pants-5036639,https://www.zalora.co.id/catalog/?q=outfit+pria&page=7
hush-puppies-vallaz-ts-navy-5000517,https://www.zalora.co.id/catalog/?q=outfit+pria&page=18
edwin-jeans-vegas-01-celana-panjang-jeans-denim-pria-bottom-man-long-pants-blue-2198546,https://www.zalora.co.id/catalog/?q=outfit+pria&page=9
edwin-jeans-vegas-02-celana-panjang-jeans-denim-pria-bottom-man-long-pants-blue-2198545,https://www.zalora.co.id/catalog/?q=outfit+pria&page=1
edwin-jeans-vegas-06-celana-panjang-jeans-denim-pria-bottom-man-long-pants-blue-2158517,https://www.zalora.co.id/catalog/?q=outfit+pria&page=1
edwin-jeans-vegas-08-celana-panjang-jeans-denim-pria-bottom-man-long-pants-blue-2268648,https://www.zalora.co.id/catalog/?q=outfit+pria&page=4
x-eight-1-volker-t-shirts-black-4866529,https://www.zalora.co.id/catalog/?q=outfit+pria&page=13
hush-puppies-volta-2-purple-4771159,https://www.zalora.co.id/catalog/?q=outfit+pria&page=7
hush-puppies-wh-merapi-sp-cargo-shorts-black-5010280,https://www.zalora.co.id/catalog/?q=outfit+pria&page=16
arnold-palmer-white-men-s-short-sleeve-t-shirt-white-4720157,https://www.zalora.co.id/catalog/?q=outfit+pria&page=18
arnold-palmer-white-polo-shirt-white-4322694,https://www.zalora.co.id/catalog/?q=outfit+pria&page=3
edwin-jeans-winger-orange-pepper-kaos-pria-lengan-pendek-ss-top-man-basic-tee-orange-4206767,https://www.zalora.co.id/catalog/?q=outfit+pria&page=10
edwin-jeans-winner-jet-black-kaos-pria-lengan-pendek-ss-top-man-basic-tee-black-4179049,https://www.zalora.co.id/catalog/?q=outfit+pria&page=8
hush-puppies-xander-waist-bag-black-5091105,https://www.zalora.co.id/catalog/?q=outfit+pria&page=12
xtraordinary-xo-xtraordinary-xo-t-shirt-cotton-combed-lengan-panjang-pria-2073290053-black-4076025,https://www.zalora.co.id/catalog/?q=outfit+pria&page=5
xtraordinary-xo-xtraordinary-xo-t-shirt-cotton-combed-pria-259110091-black-4259547,https://www.zalora.co.id/catalog/?q=outfit+pria&page=17
xtraordinary-xo-xtraordinary-t-shirt-cotton-combed-pria-2223110081-black-4095424,https://www.zalora.co.id/catalog/?q=outfit+pria&page=2
x-eight-1-yesaya-t-shirts-black-4873217,https://www.zalora.co.id/catalog/?q=outfit+pria&page=18
playboy-zanggar-slip-on-black-4884967,https://www.zalora.co.id/catalog/?q=outfit+pria&page=18
x-eight-1-zico-jeans-blue-4847300,https://www.zalora.co.id/catalog/?q=outfit+pria&page=18
